{
  "events": [
    {
      "id": "m0001",
      "s": 0.0,
      "e": 0.7726432532347504,
      "dur": 0.7726432532347504,
      "members": [
        "e0001#2",
        "e0002#2",
        "e0003#2"
      ],
      "text": "wood shavings fly",
      "s_abs": 0.0,
      "e_abs": 13.933333333333334,
      "dur_abs": 13.933333333333334
    },
    {
      "id": "m0002",
      "s": 0.0,
      "e": 0.8595194085027725,
      "dur": 0.8595194085027725,
      "members": [
        "e0001#1",
        "e0002#1",
        "e0003#1",
        "e0004#1"
      ],
      "text": "circular saw cut wood",
      "s_abs": 0.0,
      "e_abs": 15.5,
      "dur_abs": 15.5
    },
    {
      "id": "m0003",
      "s": 0.8595194085027725,
      "e": 1.0,
      "dur": 0.14048059149722747,
      "members": [
        "e0005#1"
      ],
      "text": "cnc machine carve",
      "s_abs": 15.5,
      "e_abs": 18.033333333333335,
      "dur_abs": 2.533333333333335
    },
    {
      "id": "m0004",
      "s": 0.8595194085027725,
      "e": 1.0,
      "dur": 0.14048059149722747,
      "members": [
        "e0005#2"
      ],
      "text": "wood shavings accumulate",
      "s_abs": 15.5,
      "e_abs": 18.033333333333335,
      "dur_abs": 2.533333333333335
    }
  ],
  "meta": {
    "lane": "ref",
    "key": "ref4d_0263",
    "mode": "micro",
    "merge_config": {
      "tau_sem": 0.96,
      "gap_abs_sec": 1.01,
      "gap_norm_fallback": 0.1,
      "min_duration_norm": 0.0
    },
    "stats": {
      "num_input_items": 9,
      "num_kept_items": 9,
      "num_clusters": 4
    },
    "provenance": {
      "source_hash": "7229f2590a14"
    }
  }
}