{
  "events": [
    {
      "id": "m0001",
      "s": 0.0,
      "e": 0.4178403755868545,
      "dur": 0.4178403755868545,
      "members": [
        "e0001#2"
      ],
      "text": "pedestrian cross street",
      "s_abs": 0.0,
      "e_abs": 2.966666666666667,
      "dur_abs": 2.966666666666667
    },
    {
      "id": "m0002",
      "s": 0.0,
      "e": 1.0,
      "dur": 1.0,
      "members": [
        "e0001#1",
        "e0002#1"
      ],
      "text": "car drive along road",
      "s_abs": 0.0,
      "e_abs": 7.1,
      "dur_abs": 7.1
    },
    {
      "id": "m0003",
      "s": 0.4178403755868545,
      "e": 1.0,
      "dur": 0.5821596244131455,
      "members": [
        "e0002#2"
      ],
      "text": "car stop",
      "s_abs": 2.966666666666667,
      "e_abs": 7.1,
      "dur_abs": 4.133333333333333
    }
  ],
  "meta": {
    "lane": "ref",
    "key": "ref4d_0531",
    "mode": "micro",
    "merge_config": {
      "tau_sem": 0.96,
      "gap_abs_sec": 1.01,
      "gap_norm_fallback": 0.1,
      "min_duration_norm": 0.0
    },
    "stats": {
      "num_input_items": 4,
      "num_kept_items": 4,
      "num_clusters": 3
    },
    "provenance": {
      "source_hash": "f19e72de2f8e"
    }
  }
}