{
  "events": [
    {
      "id": "m0001",
      "s": 0.0,
      "e": 0.7810650887573964,
      "dur": 0.7810650887573964,
      "members": [
        "e0001#1",
        "e0002#1",
        "e0003#1"
      ],
      "text": "elephant walk",
      "s_abs": 0.0,
      "e_abs": 4.4,
      "dur_abs": 4.4
    },
    {
      "id": "m0002",
      "s": 0.7810650887573964,
      "e": 1.0,
      "dur": 0.21893491124260356,
      "members": [
        "e0004#1"
      ],
      "text": "elephant stand",
      "s_abs": 4.4,
      "e_abs": 5.633333333333334,
      "dur_abs": 1.2333333333333334
    }
  ],
  "meta": {
    "lane": "ref",
    "key": "ref4d_0044",
    "mode": "micro",
    "merge_config": {
      "tau_sem": 0.96,
      "gap_abs_sec": 1.01,
      "gap_norm_fallback": 0.1,
      "min_duration_norm": 0.0
    },
    "stats": {
      "num_input_items": 4,
      "num_kept_items": 4,
      "num_clusters": 2
    },
    "provenance": {
      "source_hash": "f8c7c8902e79"
    }
  }
}