{
  "events": [
    {
      "id": "m0001",
      "s": 0.0,
      "e": 0.14832535885167467,
      "dur": 0.14832535885167467,
      "members": [
        "e0001#2"
      ],
      "text": "javelin fly through air",
      "s_abs": 0.0,
      "e_abs": 1.0333333333333334,
      "dur_abs": 1.0333333333333334
    },
    {
      "id": "m0002",
      "s": 0.0,
      "e": 0.8468899521531101,
      "dur": 0.8468899521531101,
      "members": [
        "e0001#1",
        "e0002#2",
        "e0003#2"
      ],
      "text": "person throw javelin",
      "s_abs": 0.0,
      "e_abs": 5.9,
      "dur_abs": 5.9
    },
    {
      "id": "m0003",
      "s": 0.14832535885167467,
      "e": 0.8468899521531101,
      "dur": 0.6985645933014355,
      "members": [
        "e0002#1",
        "e0003#1"
      ],
      "text": "person run",
      "s_abs": 1.0333333333333334,
      "e_abs": 5.9,
      "dur_abs": 4.866666666666667
    },
    {
      "id": "m0004",
      "s": 0.8468899521531101,
      "e": 1.0,
      "dur": 0.15311004784688986,
      "members": [
        "e0004#1",
        "e0004#2"
      ],
      "text": "audience clap",
      "s_abs": 5.9,
      "e_abs": 6.966666666666667,
      "dur_abs": 1.0666666666666664
    }
  ],
  "meta": {
    "lane": "ref",
    "key": "ref4d_0457",
    "mode": "micro",
    "merge_config": {
      "tau_sem": 0.96,
      "gap_abs_sec": 1.01,
      "gap_norm_fallback": 0.1,
      "min_duration_norm": 0.0
    },
    "stats": {
      "num_input_items": 8,
      "num_kept_items": 8,
      "num_clusters": 4
    },
    "provenance": {
      "source_hash": "70a01ca01d2c"
    }
  }
}