{
  "events": [
    {
      "id": "m0001",
      "s": 0.0,
      "e": 0.37857142857142856,
      "dur": 0.37857142857142856,
      "members": [
        "e0001#2"
      ],
      "text": "tourist stand",
      "s_abs": 0.0,
      "e_abs": 1.7666666666666666,
      "dur_abs": 1.7666666666666666
    },
    {
      "id": "m0002",
      "s": 0.0,
      "e": 1.0,
      "dur": 1.0,
      "members": [
        "e0001#1",
        "e0002#1"
      ],
      "text": "tourist walk",
      "s_abs": 0.0,
      "e_abs": 4.666666666666667,
      "dur_abs": 4.666666666666667
    },
    {
      "id": "m0003",
      "s": 0.37857142857142856,
      "e": 1.0,
      "dur": 0.6214285714285714,
      "members": [
        "e0002#2"
      ],
      "text": "tourist take pictures",
      "s_abs": 1.7666666666666666,
      "e_abs": 4.666666666666667,
      "dur_abs": 2.9000000000000004
    }
  ],
  "meta": {
    "lane": "ref",
    "key": "ref4d_0150",
    "mode": "micro",
    "merge_config": {
      "tau_sem": 0.96,
      "gap_abs_sec": 1.01,
      "gap_norm_fallback": 0.1,
      "min_duration_norm": 0.0
    },
    "stats": {
      "num_input_items": 4,
      "num_kept_items": 4,
      "num_clusters": 3
    },
    "provenance": {
      "source_hash": "d3cc654c05d8"
    }
  }
}