{
  "events": [
    {
      "id": "m0001",
      "s": 0.0,
      "e": 0.1440329218106996,
      "dur": 0.1440329218106996,
      "members": [
        "e0001#2"
      ],
      "text": "adult gorilla stand",
      "s_abs": 0.0,
      "e_abs": 1.1666666666666667,
      "dur_abs": 1.1666666666666667
    },
    {
      "id": "m0002",
      "s": 0.0,
      "e": 1.0,
      "dur": 1.0,
      "members": [
        "e0001#1",
        "e0002#1"
      ],
      "text": "baby gorilla sit",
      "s_abs": 0.0,
      "e_abs": 8.1,
      "dur_abs": 8.1
    },
    {
      "id": "m0003",
      "s": 0.1440329218106996,
      "e": 1.0,
      "dur": 0.8559670781893004,
      "members": [
        "e0002#2"
      ],
      "text": "adult gorilla look at baby",
      "s_abs": 1.1666666666666667,
      "e_abs": 8.1,
      "dur_abs": 6.933333333333333
    }
  ],
  "meta": {
    "lane": "ref",
    "key": "ref4d_0083",
    "mode": "micro",
    "merge_config": {
      "tau_sem": 0.96,
      "gap_abs_sec": 1.01,
      "gap_norm_fallback": 0.1,
      "min_duration_norm": 0.0
    },
    "stats": {
      "num_input_items": 4,
      "num_kept_items": 4,
      "num_clusters": 3
    },
    "provenance": {
      "source_hash": "704a7edbaa69"
    }
  }
}