{
  "events": [
    {
      "id": "m0001",
      "s": 0.0,
      "e": 1.0,
      "dur": 1.0,
      "members": [
        "e0001#1",
        "e0002#1",
        "e0003#1"
      ],
      "text": "airplane takeoff",
      "s_abs": 0.0,
      "e_abs": 5.066666666666666,
      "dur_abs": 5.066666666666666
    },
    {
      "id": "m0002",
      "s": 0.3815789473684211,
      "e": 1.0,
      "dur": 0.618421052631579,
      "members": [
        "e0002#2",
        "e0003#2"
      ],
      "text": "airplane fly",
      "s_abs": 1.9333333333333333,
      "e_abs": 5.066666666666666,
      "dur_abs": 3.133333333333333
    }
  ],
  "meta": {
    "lane": "ref",
    "key": "ref4d_0577",
    "mode": "micro",
    "merge_config": {
      "tau_sem": 0.96,
      "gap_abs_sec": 1.01,
      "gap_norm_fallback": 0.1,
      "min_duration_norm": 0.0
    },
    "stats": {
      "num_input_items": 5,
      "num_kept_items": 5,
      "num_clusters": 2
    },
    "provenance": {
      "source_hash": "129eed3c1557"
    }
  }
}