{
  "events": [
    {
      "id": "m0001",
      "s": 0.0,
      "e": 0.20625000000000002,
      "dur": 0.20625000000000002,
      "members": [
        "e0001#2"
      ],
      "text": "traffic light change to green",
      "s_abs": 0.0,
      "e_abs": 1.1,
      "dur_abs": 1.1
    },
    {
      "id": "m0002",
      "s": 0.0,
      "e": 1.0,
      "dur": 1.0,
      "members": [
        "e0001#1",
        "e0002#1",
        "e0003#1"
      ],
      "text": "train move along track",
      "s_abs": 0.0,
      "e_abs": 5.333333333333333,
      "dur_abs": 5.333333333333333
    },
    {
      "id": "m0003",
      "s": 0.20625000000000002,
      "e": 0.4625,
      "dur": 0.25625,
      "members": [
        "e0002#2"
      ],
      "text": "pedestrian walk on sidewalk",
      "s_abs": 1.1,
      "e_abs": 2.466666666666667,
      "dur_abs": 1.3666666666666667
    },
    {
      "id": "m0004",
      "s": 0.4625,
      "e": 1.0,
      "dur": 0.5375,
      "members": [
        "e0003#2"
      ],
      "text": "traffic light change",
      "s_abs": 2.466666666666667,
      "e_abs": 5.333333333333333,
      "dur_abs": 2.8666666666666663
    }
  ],
  "meta": {
    "lane": "ref",
    "key": "ref4d_0568",
    "mode": "micro",
    "merge_config": {
      "tau_sem": 0.96,
      "gap_abs_sec": 1.01,
      "gap_norm_fallback": 0.1,
      "min_duration_norm": 0.0
    },
    "stats": {
      "num_input_items": 6,
      "num_kept_items": 6,
      "num_clusters": 4
    },
    "provenance": {
      "source_hash": "b5f665f57b06"
    }
  }
}