{
  "events": [
    {
      "id": "m0001",
      "s": 0.0,
      "e": 1.0,
      "dur": 1.0,
      "members": [
        "e0001#1",
        "e0002#1"
      ],
      "text": "mountain range remain still",
      "s_abs": 0.0,
      "e_abs": 8.733333333333333,
      "dur_abs": 8.733333333333333
    },
    {
      "id": "m0002",
      "s": 0.8282442748091604,
      "e": 1.0,
      "dur": 0.1717557251908396,
      "members": [
        "e0002#2"
      ],
      "text": "valley remain still",
      "s_abs": 7.233333333333333,
      "e_abs": 8.733333333333333,
      "dur_abs": 1.4999999999999991
    }
  ],
  "meta": {
    "lane": "ref",
    "key": "ref4d_0296",
    "mode": "micro",
    "merge_config": {
      "tau_sem": 0.96,
      "gap_abs_sec": 1.01,
      "gap_norm_fallback": 0.1,
      "min_duration_norm": 0.0
    },
    "stats": {
      "num_input_items": 3,
      "num_kept_items": 3,
      "num_clusters": 2
    },
    "provenance": {
      "source_hash": "eb7834a0d808"
    }
  }
}