{
  "events": [
    {
      "id": "m0001",
      "s": 0.0,
      "e": 0.7530864197530863,
      "dur": 0.7530864197530863,
      "members": [
        "e0001#1"
      ],
      "text": "person walk on path",
      "s_abs": 0.0,
      "e_abs": 4.066666666666666,
      "dur_abs": 4.066666666666666
    },
    {
      "id": "m0002",
      "s": 0.0,
      "e": 0.7530864197530863,
      "dur": 0.7530864197530863,
      "members": [
        "e0001#2"
      ],
      "text": "person stand in grass",
      "s_abs": 0.0,
      "e_abs": 4.066666666666666,
      "dur_abs": 4.066666666666666
    },
    {
      "id": "m0003",
      "s": 0.7530864197530863,
      "e": 1.0,
      "dur": 0.24691358024691368,
      "members": [
        "e0002#1"
      ],
      "text": "no events",
      "s_abs": 4.066666666666666,
      "e_abs": 5.4,
      "dur_abs": 1.333333333333334
    }
  ],
  "meta": {
    "lane": "ref",
    "key": "ref4d_0145",
    "mode": "micro",
    "merge_config": {
      "tau_sem": 0.96,
      "gap_abs_sec": 1.01,
      "gap_norm_fallback": 0.1,
      "min_duration_norm": 0.0
    },
    "stats": {
      "num_input_items": 3,
      "num_kept_items": 3,
      "num_clusters": 3
    },
    "provenance": {
      "source_hash": "161d67976ab8"
    }
  }
}