{
  "events": [
    {
      "id": "m0001",
      "s": 0.0,
      "e": 0.4984984984984985,
      "dur": 0.4984984984984985,
      "members": [
        "e0001#1"
      ],
      "text": "stadium remain still",
      "s_abs": 0.0,
      "e_abs": 5.533333333333333,
      "dur_abs": 5.533333333333333
    },
    {
      "id": "m0002",
      "s": 0.4984984984984985,
      "e": 1.0,
      "dur": 0.5015015015015015,
      "members": [
        "e0002#1"
      ],
      "text": "chair sit",
      "s_abs": 5.533333333333333,
      "e_abs": 11.1,
      "dur_abs": 5.566666666666666
    }
  ],
  "meta": {
    "lane": "ref",
    "key": "ref4d_0110",
    "mode": "micro",
    "merge_config": {
      "tau_sem": 0.96,
      "gap_abs_sec": 1.01,
      "gap_norm_fallback": 0.1,
      "min_duration_norm": 0.0
    },
    "stats": {
      "num_input_items": 2,
      "num_kept_items": 2,
      "num_clusters": 2
    },
    "provenance": {
      "source_hash": "681aa7d7e204"
    }
  }
}