{
  "events": [
    {
      "id": "m0001",
      "s": 0.0,
      "e": 0.38068181818181823,
      "dur": 0.38068181818181823,
      "members": [
        "e0001#1"
      ],
      "text": "mountain stand tall",
      "s_abs": 0.0,
      "e_abs": 2.2333333333333334,
      "dur_abs": 2.2333333333333334
    },
    {
      "id": "m0002",
      "s": 0.38068181818181823,
      "e": 1.0,
      "dur": 0.6193181818181818,
      "members": [
        "e0002#1"
      ],
      "text": "sun rise",
      "s_abs": 2.2333333333333334,
      "e_abs": 5.866666666666666,
      "dur_abs": 3.633333333333333
    },
    {
      "id": "m0003",
      "s": 0.38068181818181823,
      "e": 1.0,
      "dur": 0.6193181818181818,
      "members": [
        "e0002#2"
      ],
      "text": "mountain peak illuminate",
      "s_abs": 2.2333333333333334,
      "e_abs": 5.866666666666666,
      "dur_abs": 3.633333333333333
    }
  ],
  "meta": {
    "lane": "ref",
    "key": "ref4d_0334",
    "mode": "micro",
    "merge_config": {
      "tau_sem": 0.96,
      "gap_abs_sec": 1.01,
      "gap_norm_fallback": 0.1,
      "min_duration_norm": 0.0
    },
    "stats": {
      "num_input_items": 3,
      "num_kept_items": 3,
      "num_clusters": 3
    },
    "provenance": {
      "source_hash": "c5446b2df891"
    }
  }
}