{
  "events": [
    {
      "id": "m0001",
      "s": 0.0,
      "e": 0.4882629107981221,
      "dur": 0.4882629107981221,
      "members": [
        "e0001#2"
      ],
      "text": "gate open",
      "s_abs": 0.0,
      "e_abs": 3.466666666666667,
      "dur_abs": 3.466666666666667
    },
    {
      "id": "m0002",
      "s": 0.0,
      "e": 1.0,
      "dur": 1.0,
      "members": [
        "e0001#1",
        "e0002#1",
        "e0003#1"
      ],
      "text": "house stand",
      "s_abs": 0.0,
      "e_abs": 7.1,
      "dur_abs": 7.1
    },
    {
      "id": "m0003",
      "s": 0.4882629107981221,
      "e": 0.727699530516432,
      "dur": 0.23943661971830987,
      "members": [
        "e0002#2"
      ],
      "text": "road stand",
      "s_abs": 3.466666666666667,
      "e_abs": 5.166666666666667,
      "dur_abs": 1.7000000000000002
    },
    {
      "id": "m0004",
      "s": 0.727699530516432,
      "e": 1.0,
      "dur": 0.272300469483568,
      "members": [
        "e0003#2"
      ],
      "text": "gate open",
      "s_abs": 5.166666666666667,
      "e_abs": 7.1,
      "dur_abs": 1.9333333333333327
    }
  ],
  "meta": {
    "lane": "ref",
    "key": "ref4d_0115",
    "mode": "micro",
    "merge_config": {
      "tau_sem": 0.96,
      "gap_abs_sec": 1.01,
      "gap_norm_fallback": 0.1,
      "min_duration_norm": 0.0
    },
    "stats": {
      "num_input_items": 6,
      "num_kept_items": 6,
      "num_clusters": 4
    },
    "provenance": {
      "source_hash": "f0a6afaa395d"
    }
  }
}