{
  "events": [
    {
      "id": "m0001",
      "s": 0.0,
      "e": 0.4954682779456194,
      "dur": 0.4954682779456194,
      "members": [
        "e0001#1",
        "e0002#1"
      ],
      "text": "building remain still",
      "s_abs": 0.0,
      "e_abs": 5.466666666666667,
      "dur_abs": 5.466666666666667
    },
    {
      "id": "m0002",
      "s": 0.4954682779456194,
      "e": 0.6676737160120846,
      "dur": 0.1722054380664652,
      "members": [
        "e0003#1",
        "e0003#2"
      ],
      "text": "bird fly over bridge",
      "s_abs": 5.466666666666667,
      "e_abs": 7.366666666666666,
      "dur_abs": 1.8999999999999995
    },
    {
      "id": "m0003",
      "s": 0.6676737160120846,
      "e": 0.8066465256797584,
      "dur": 0.13897280966767378,
      "members": [
        "e0004#1"
      ],
      "text": "bird fly",
      "s_abs": 7.366666666666666,
      "e_abs": 8.9,
      "dur_abs": 1.533333333333334
    },
    {
      "id": "m0004",
      "s": 0.8066465256797584,
      "e": 1.0,
      "dur": 0.19335347432024164,
      "members": [
        "e0005#1",
        "e0005#2"
      ],
      "text": "bird fly over bridge",
      "s_abs": 8.9,
      "e_abs": 11.033333333333333,
      "dur_abs": 2.133333333333333
    }
  ],
  "meta": {
    "lane": "ref",
    "key": "ref4d_0134",
    "mode": "micro",
    "merge_config": {
      "tau_sem": 0.96,
      "gap_abs_sec": 1.01,
      "gap_norm_fallback": 0.1,
      "min_duration_norm": 0.0
    },
    "stats": {
      "num_input_items": 7,
      "num_kept_items": 7,
      "num_clusters": 4
    },
    "provenance": {
      "source_hash": "da325e039ab8"
    }
  }
}