{
  "events": [
    {
      "id": "m0001",
      "s": 0.0,
      "e": 0.004807692307692307,
      "dur": 0.004807692307692307,
      "members": [
        "e0001#2"
      ],
      "text": "water cascade down cliff",
      "s_abs": 0.0,
      "e_abs": 0.03333333333333333,
      "dur_abs": 0.03333333333333333
    },
    {
      "id": "m0002",
      "s": 0.0,
      "e": 1.0,
      "dur": 1.0,
      "members": [
        "e0001#1",
        "e0002#1"
      ],
      "text": "waterfall flow",
      "s_abs": 0.0,
      "e_abs": 6.933333333333334,
      "dur_abs": 6.933333333333334
    },
    {
      "id": "m0003",
      "s": 0.004807692307692307,
      "e": 1.0,
      "dur": 0.9951923076923077,
      "members": [
        "e0002#2"
      ],
      "text": "water fall",
      "s_abs": 0.03333333333333333,
      "e_abs": 6.933333333333334,
      "dur_abs": 6.9
    }
  ],
  "meta": {
    "lane": "ref",
    "key": "ref4d_0368",
    "mode": "micro",
    "merge_config": {
      "tau_sem": 0.96,
      "gap_abs_sec": 1.01,
      "gap_norm_fallback": 0.1,
      "min_duration_norm": 0.0
    },
    "stats": {
      "num_input_items": 4,
      "num_kept_items": 4,
      "num_clusters": 3
    },
    "provenance": {
      "source_hash": "961e230a3f62"
    }
  }
}