{
  "events": [
    {
      "id": "m0001",
      "s": 0.0,
      "e": 0.4965675057208238,
      "dur": 0.4965675057208238,
      "members": [
        "e0001#1"
      ],
      "text": "footprint remain in sand",
      "s_abs": 0.0,
      "e_abs": 7.233333333333333,
      "dur_abs": 7.233333333333333
    },
    {
      "id": "m0002",
      "s": 0.0,
      "e": 0.4965675057208238,
      "dur": 0.4965675057208238,
      "members": [
        "e0001#2"
      ],
      "text": "no events",
      "s_abs": 0.0,
      "e_abs": 7.233333333333333,
      "dur_abs": 7.233333333333333
    },
    {
      "id": "m0003",
      "s": 0.4965675057208238,
      "e": 0.7986270022883295,
      "dur": 0.3020594965675057,
      "members": [
        "e0002#1"
      ],
      "text": "person stand",
      "s_abs": 7.233333333333333,
      "e_abs": 11.633333333333333,
      "dur_abs": 4.3999999999999995
    },
    {
      "id": "m0004",
      "s": 0.7986270022883295,
      "e": 1.0,
      "dur": 0.2013729977116705,
      "members": [
        "e0003#1",
        "e0004#1"
      ],
      "text": "no events",
      "s_abs": 11.633333333333333,
      "e_abs": 14.566666666666666,
      "dur_abs": 2.9333333333333336
    }
  ],
  "meta": {
    "lane": "ref",
    "key": "ref4d_0345",
    "mode": "micro",
    "merge_config": {
      "tau_sem": 0.96,
      "gap_abs_sec": 1.01,
      "gap_norm_fallback": 0.1,
      "min_duration_norm": 0.0
    },
    "stats": {
      "num_input_items": 5,
      "num_kept_items": 5,
      "num_clusters": 4
    },
    "provenance": {
      "source_hash": "7360ef049876"
    }
  }
}