{
  "events": [
    {
      "id": "m0001",
      "s": 0.0,
      "e": 0.5028901734104047,
      "dur": 0.5028901734104047,
      "members": [
        "e0001#1",
        "e0002#1"
      ],
      "text": "person serve food",
      "s_abs": 0.0,
      "e_abs": 2.9,
      "dur_abs": 2.9
    },
    {
      "id": "m0002",
      "s": 0.0,
      "e": 0.5028901734104047,
      "dur": 0.5028901734104047,
      "members": [
        "e0001#2",
        "e0002#2"
      ],
      "text": "person hold plate",
      "s_abs": 0.0,
      "e_abs": 2.9,
      "dur_abs": 2.9
    },
    {
      "id": "m0003",
      "s": 0.5028901734104047,
      "e": 1.0,
      "dur": 0.49710982658959535,
      "members": [
        "e0003#1",
        "e0004#1"
      ],
      "text": "person eat food",
      "s_abs": 2.9,
      "e_abs": 5.766666666666667,
      "dur_abs": 2.8666666666666667
    },
    {
      "id": "m0004",
      "s": 0.5028901734104047,
      "e": 1.0,
      "dur": 0.49710982658959535,
      "members": [
        "e0003#2",
        "e0004#2"
      ],
      "text": "person hold spoon",
      "s_abs": 2.9,
      "e_abs": 5.766666666666667,
      "dur_abs": 2.8666666666666667
    }
  ],
  "meta": {
    "lane": "ref",
    "key": "ref4d_0206",
    "mode": "micro",
    "merge_config": {
      "tau_sem": 0.96,
      "gap_abs_sec": 1.01,
      "gap_norm_fallback": 0.1,
      "min_duration_norm": 0.0
    },
    "stats": {
      "num_input_items": 8,
      "num_kept_items": 8,
      "num_clusters": 4
    },
    "provenance": {
      "source_hash": "f6f51138498b"
    }
  }
}