{
  "events": [
    {
      "id": "m0001",
      "s": 0.0,
      "e": 0.18965517241379312,
      "dur": 0.18965517241379312,
      "members": [
        "e0001#2"
      ],
      "text": "truck drive down road",
      "s_abs": 0.0,
      "e_abs": 1.1,
      "dur_abs": 1.1
    },
    {
      "id": "m0002",
      "s": 0.0,
      "e": 1.0,
      "dur": 1.0,
      "members": [
        "e0001#1",
        "e0002#1",
        "e0003#1"
      ],
      "text": "person stand on sidewalk",
      "s_abs": 0.0,
      "e_abs": 5.8,
      "dur_abs": 5.8
    },
    {
      "id": "m0003",
      "s": 0.18965517241379312,
      "e": 0.5919540229885057,
      "dur": 0.4022988505747126,
      "members": [
        "e0002#2"
      ],
      "text": "person look around",
      "s_abs": 1.1,
      "e_abs": 3.433333333333333,
      "dur_abs": 2.333333333333333
    },
    {
      "id": "m0004",
      "s": 0.5919540229885057,
      "e": 1.0,
      "dur": 0.40804597701149425,
      "members": [
        "e0003#2"
      ],
      "text": "person walk across street",
      "s_abs": 3.433333333333333,
      "e_abs": 5.8,
      "dur_abs": 2.3666666666666667
    }
  ],
  "meta": {
    "lane": "ref",
    "key": "ref4d_0558",
    "mode": "micro",
    "merge_config": {
      "tau_sem": 0.96,
      "gap_abs_sec": 1.01,
      "gap_norm_fallback": 0.1,
      "min_duration_norm": 0.0
    },
    "stats": {
      "num_input_items": 6,
      "num_kept_items": 6,
      "num_clusters": 4
    },
    "provenance": {
      "source_hash": "12565c5a18d3"
    }
  }
}