{
  "events": [
    {
      "id": "m0001",
      "s": 0.0,
      "e": 0.4719101123595505,
      "dur": 0.4719101123595505,
      "members": [
        "e0001#1",
        "e0002#1"
      ],
      "text": "lead screw rotate",
      "s_abs": 0.0,
      "e_abs": 2.8,
      "dur_abs": 2.8
    },
    {
      "id": "m0002",
      "s": 0.4719101123595505,
      "e": 1.0,
      "dur": 0.5280898876404495,
      "members": [
        "e0003#1",
        "e0004#1"
      ],
      "text": "thread wrap around rod",
      "s_abs": 2.8,
      "e_abs": 5.933333333333334,
      "dur_abs": 3.1333333333333337
    },
    {
      "id": "m0003",
      "s": 0.4719101123595505,
      "e": 1.0,
      "dur": 0.5280898876404495,
      "members": [
        "e0003#2",
        "e0004#2"
      ],
      "text": "metal rod remain still",
      "s_abs": 2.8,
      "e_abs": 5.933333333333334,
      "dur_abs": 3.1333333333333337
    }
  ],
  "meta": {
    "lane": "ref",
    "key": "ref4d_0272",
    "mode": "micro",
    "merge_config": {
      "tau_sem": 0.96,
      "gap_abs_sec": 1.01,
      "gap_norm_fallback": 0.1,
      "min_duration_norm": 0.0
    },
    "stats": {
      "num_input_items": 6,
      "num_kept_items": 6,
      "num_clusters": 3
    },
    "provenance": {
      "source_hash": "83ed52d848e7"
    }
  }
}