{
  "events": [
    {
      "id": "m0001",
      "s": 0.0,
      "e": 1.0,
      "dur": 1.0,
      "members": [
        "e0001#1",
        "e0002#1",
        "e0003#1",
        "e0004#1",
        "e0005#1",
        "e0006#1",
        "e0007#1"
      ],
      "text": "person serve ball",
      "s_abs": 0.0,
      "e_abs": 8.666666666666666,
      "dur_abs": 8.666666666666666
    },
    {
      "id": "m0002",
      "s": 0.0,
      "e": 1.0,
      "dur": 1.0,
      "members": [
        "e0001#2",
        "e0002#2",
        "e0003#2",
        "e0004#2",
        "e0005#2",
        "e0006#2",
        "e0007#2"
      ],
      "text": "person hit ball",
      "s_abs": 0.0,
      "e_abs": 8.666666666666666,
      "dur_abs": 8.666666666666666
    },
    {
      "id": "m0003",
      "s": 0.0,
      "e": 1.0,
      "dur": 1.0,
      "members": [
        "e0001#3",
        "e0002#3",
        "e0003#3",
        "e0004#3",
        "e0005#3",
        "e0006#3",
        "e0007#3"
      ],
      "text": "ball move across table",
      "s_abs": 0.0,
      "e_abs": 8.666666666666666,
      "dur_abs": 8.666666666666666
    }
  ],
  "meta": {
    "lane": "ref",
    "key": "ref4d_0494",
    "mode": "micro",
    "merge_config": {
      "tau_sem": 0.96,
      "gap_abs_sec": 1.01,
      "gap_norm_fallback": 0.1,
      "min_duration_norm": 0.0
    },
    "stats": {
      "num_input_items": 21,
      "num_kept_items": 21,
      "num_clusters": 3
    },
    "provenance": {
      "source_hash": "d458bf5f366b"
    }
  }
}