{
  "events": [
    {
      "id": "m0001",
      "s": 0.0,
      "e": 0.29670329670329676,
      "dur": 0.29670329670329676,
      "members": [
        "e0001#2",
        "e0002#2"
      ],
      "text": "train pass by",
      "s_abs": 0.0,
      "e_abs": 2.7,
      "dur_abs": 2.7
    },
    {
      "id": "m0002",
      "s": 0.0,
      "e": 1.0,
      "dur": 1.0,
      "members": [
        "e0001#1",
        "e0002#1",
        "e0003#1",
        "e0004#1",
        "e0005#1",
        "e0006#1"
      ],
      "text": "train move along track",
      "s_abs": 0.0,
      "e_abs": 9.1,
      "dur_abs": 9.1
    },
    {
      "id": "m0003",
      "s": 0.29670329670329676,
      "e": 0.43956043956043955,
      "dur": 0.1428571428571428,
      "members": [
        "e0003#2"
      ],
      "text": "train pass by trees",
      "s_abs": 2.7,
      "e_abs": 4.0,
      "dur_abs": 1.2999999999999998
    },
    {
      "id": "m0004",
      "s": 0.43956043956043955,
      "e": 1.0,
      "dur": 0.5604395604395604,
      "members": [
        "e0004#2",
        "e0005#2",
        "e0006#2"
      ],
      "text": "train pass bridge",
      "s_abs": 4.0,
      "e_abs": 9.1,
      "dur_abs": 5.1
    }
  ],
  "meta": {
    "lane": "ref",
    "key": "ref4d_0520",
    "mode": "micro",
    "merge_config": {
      "tau_sem": 0.96,
      "gap_abs_sec": 1.01,
      "gap_norm_fallback": 0.1,
      "min_duration_norm": 0.0
    },
    "stats": {
      "num_input_items": 12,
      "num_kept_items": 12,
      "num_clusters": 4
    },
    "provenance": {
      "source_hash": "72ebd7167bf3"
    }
  }
}