{
  "events": [
    {
      "id": "m0001",
      "s": 0.0,
      "e": 0.8204225352112676,
      "dur": 0.8204225352112676,
      "members": [
        "e0001#1"
      ],
      "text": "road roller drive along road",
      "s_abs": 0.0,
      "e_abs": 7.766666666666667,
      "dur_abs": 7.766666666666667
    },
    {
      "id": "m0002",
      "s": 0.0,
      "e": 1.0,
      "dur": 1.0,
      "members": [
        "e0001#2",
        "e0002#1"
      ],
      "text": "road roller compact asphalt",
      "s_abs": 0.0,
      "e_abs": 9.466666666666667,
      "dur_abs": 9.466666666666667
    },
    {
      "id": "m0003",
      "s": 0.8204225352112676,
      "e": 1.0,
      "dur": 0.17957746478873238,
      "members": [
        "e0002#2"
      ],
      "text": "worker operate machine",
      "s_abs": 7.766666666666667,
      "e_abs": 9.466666666666667,
      "dur_abs": 1.7000000000000002
    }
  ],
  "meta": {
    "lane": "ref",
    "key": "ref4d_0252",
    "mode": "micro",
    "merge_config": {
      "tau_sem": 0.96,
      "gap_abs_sec": 1.01,
      "gap_norm_fallback": 0.1,
      "min_duration_norm": 0.0
    },
    "stats": {
      "num_input_items": 4,
      "num_kept_items": 4,
      "num_clusters": 3
    },
    "provenance": {
      "source_hash": "f4bfced8cadc"
    }
  }
}