{
  "events": [
    {
      "id": "m0001",
      "s": 0.0,
      "e": 1.0,
      "dur": 1.0,
      "members": [
        "e0001#1",
        "e0002#1",
        "e0003#2",
        "e0004#1"
      ],
      "text": "polar bear walk",
      "s_abs": 0.0,
      "e_abs": 10.433333333333334,
      "dur_abs": 10.433333333333334
    },
    {
      "id": "m0002",
      "s": 0.6645367412140575,
      "e": 0.8722044728434504,
      "dur": 0.2076677316293929,
      "members": [
        "e0003#1"
      ],
      "text": "polar bear stand",
      "s_abs": 6.933333333333334,
      "e_abs": 9.1,
      "dur_abs": 2.166666666666666
    }
  ],
  "meta": {
    "lane": "ref",
    "key": "ref4d_0041",
    "mode": "micro",
    "merge_config": {
      "tau_sem": 0.96,
      "gap_abs_sec": 1.01,
      "gap_norm_fallback": 0.1,
      "min_duration_norm": 0.0
    },
    "stats": {
      "num_input_items": 5,
      "num_kept_items": 5,
      "num_clusters": 2
    },
    "provenance": {
      "source_hash": "3e1938f9ad77"
    }
  }
}