{
  "events": [
    {
      "id": "m0001",
      "s": 0.0,
      "e": 0.4604810996563574,
      "dur": 0.4604810996563574,
      "members": [
        "e0001#1",
        "e0002#1",
        "e0003#1"
      ],
      "text": "excavator dig",
      "s_abs": 0.0,
      "e_abs": 4.466666666666667,
      "dur_abs": 4.466666666666667
    },
    {
      "id": "m0002",
      "s": 0.0,
      "e": 0.4604810996563574,
      "dur": 0.4604810996563574,
      "members": [
        "e0001#2",
        "e0002#2",
        "e0003#2"
      ],
      "text": "rocks move",
      "s_abs": 0.0,
      "e_abs": 4.466666666666667,
      "dur_abs": 4.466666666666667
    },
    {
      "id": "m0003",
      "s": 0.4604810996563574,
      "e": 0.6048109965635738,
      "dur": 0.14432989690721643,
      "members": [
        "e0004#1",
        "e0004#2"
      ],
      "text": "excavator lift bucket",
      "s_abs": 4.466666666666667,
      "e_abs": 5.866666666666666,
      "dur_abs": 1.3999999999999995
    },
    {
      "id": "m0004",
      "s": 0.6048109965635738,
      "e": 1.0,
      "dur": 0.39518900343642616,
      "members": [
        "e0005#1",
        "e0005#2",
        "e0006#1",
        "e0006#2"
      ],
      "text": "excavator scoop up rocks",
      "s_abs": 5.866666666666666,
      "e_abs": 9.7,
      "dur_abs": 3.833333333333333
    }
  ],
  "meta": {
    "lane": "ref",
    "key": "ref4d_0247",
    "mode": "micro",
    "merge_config": {
      "tau_sem": 0.96,
      "gap_abs_sec": 1.01,
      "gap_norm_fallback": 0.1,
      "min_duration_norm": 0.0
    },
    "stats": {
      "num_input_items": 12,
      "num_kept_items": 12,
      "num_clusters": 4
    },
    "provenance": {
      "source_hash": "8b464d139ad4"
    }
  }
}