{
  "events": [
    {
      "id": "m0001",
      "s": 0.0,
      "e": 0.23008849557522124,
      "dur": 0.23008849557522124,
      "members": [
        "e0001#1"
      ],
      "text": "man swing racket",
      "s_abs": 0.0,
      "e_abs": 2.6,
      "dur_abs": 2.6
    },
    {
      "id": "m0002",
      "s": 0.0,
      "e": 1.0,
      "dur": 1.0,
      "members": [
        "e0001#2",
        "e0002#1",
        "e0003#1",
        "e0004#1",
        "e0005#1",
        "e0006#2"
      ],
      "text": "man hit ball",
      "s_abs": 0.0,
      "e_abs": 11.3,
      "dur_abs": 11.3
    },
    {
      "id": "m0003",
      "s": 0.23008849557522124,
      "e": 0.9085545722713865,
      "dur": 0.6784660766961652,
      "members": [
        "e0002#2",
        "e0003#2",
        "e0004#2",
        "e0005#2"
      ],
      "text": "man run",
      "s_abs": 2.6,
      "e_abs": 10.266666666666667,
      "dur_abs": 7.666666666666668
    },
    {
      "id": "m0004",
      "s": 0.9085545722713865,
      "e": 1.0,
      "dur": 0.09144542772861353,
      "members": [
        "e0006#1"
      ],
      "text": "person swing racket",
      "s_abs": 10.266666666666667,
      "e_abs": 11.3,
      "dur_abs": 1.0333333333333332
    }
  ],
  "meta": {
    "lane": "ref",
    "key": "ref4d_0493",
    "mode": "micro",
    "merge_config": {
      "tau_sem": 0.96,
      "gap_abs_sec": 1.01,
      "gap_norm_fallback": 0.1,
      "min_duration_norm": 0.0
    },
    "stats": {
      "num_input_items": 12,
      "num_kept_items": 12,
      "num_clusters": 4
    },
    "provenance": {
      "source_hash": "98532b595b28"
    }
  }
}