{
  "events": [
    {
      "id": "m0001",
      "s": 0.0,
      "e": 0.5929203539823009,
      "dur": 0.5929203539823009,
      "members": [
        "e0001#2",
        "e0002#2",
        "e0003#2"
      ],
      "text": "deer walk",
      "s_abs": 0.0,
      "e_abs": 4.466666666666667,
      "dur_abs": 4.466666666666667
    },
    {
      "id": "m0002",
      "s": 0.0,
      "e": 1.0,
      "dur": 1.0,
      "members": [
        "e0001#1",
        "e0002#1",
        "e0003#1",
        "e0004#1",
        "e0005#1"
      ],
      "text": "deer stand",
      "s_abs": 0.0,
      "e_abs": 7.533333333333333,
      "dur_abs": 7.533333333333333
    },
    {
      "id": "m0003",
      "s": 0.5929203539823009,
      "e": 0.7787610619469026,
      "dur": 0.18584070796460173,
      "members": [
        "e0004#2"
      ],
      "text": "deer sit",
      "s_abs": 4.466666666666667,
      "e_abs": 5.866666666666666,
      "dur_abs": 1.3999999999999995
    },
    {
      "id": "m0004",
      "s": 0.7787610619469026,
      "e": 1.0,
      "dur": 0.22123893805309736,
      "members": [
        "e0005#2"
      ],
      "text": "deer look",
      "s_abs": 5.866666666666666,
      "e_abs": 7.533333333333333,
      "dur_abs": 1.666666666666667
    }
  ],
  "meta": {
    "lane": "ref",
    "key": "ref4d_0380",
    "mode": "micro",
    "merge_config": {
      "tau_sem": 0.96,
      "gap_abs_sec": 1.01,
      "gap_norm_fallback": 0.1,
      "min_duration_norm": 0.0
    },
    "stats": {
      "num_input_items": 10,
      "num_kept_items": 10,
      "num_clusters": 4
    },
    "provenance": {
      "source_hash": "6f988fd80189"
    }
  }
}