{
  "events": [
    {
      "id": "m0001",
      "s": 0.0,
      "e": 0.3624595469255663,
      "dur": 0.3624595469255663,
      "members": [
        "e0001#1",
        "e0002#1",
        "e0003#1"
      ],
      "text": "building remain still",
      "s_abs": 0.0,
      "e_abs": 3.7333333333333334,
      "dur_abs": 3.7333333333333334
    },
    {
      "id": "m0002",
      "s": 0.3624595469255663,
      "e": 0.49838187702265374,
      "dur": 0.13592233009708743,
      "members": [
        "e0004#1"
      ],
      "text": "senior housing remain still",
      "s_abs": 3.7333333333333334,
      "e_abs": 5.133333333333334,
      "dur_abs": 1.4000000000000004
    },
    {
      "id": "m0003",
      "s": 0.49838187702265374,
      "e": 1.0,
      "dur": 0.5016181229773462,
      "members": [
        "e0005#1",
        "e0006#1",
        "e0007#1",
        "e0008#1"
      ],
      "text": "building remain still",
      "s_abs": 5.133333333333334,
      "e_abs": 10.3,
      "dur_abs": 5.166666666666667
    }
  ],
  "meta": {
    "lane": "ref",
    "key": "ref4d_0105",
    "mode": "micro",
    "merge_config": {
      "tau_sem": 0.96,
      "gap_abs_sec": 1.01,
      "gap_norm_fallback": 0.1,
      "min_duration_norm": 0.0
    },
    "stats": {
      "num_input_items": 8,
      "num_kept_items": 8,
      "num_clusters": 3
    },
    "provenance": {
      "source_hash": "8b1e38f30633"
    }
  }
}