{
  "events": [
    {
      "id": "m0001",
      "s": 0.0,
      "e": 0.1487603305785124,
      "dur": 0.1487603305785124,
      "members": [
        "e0001#1"
      ],
      "text": "meat roll on cutting board",
      "s_abs": 0.0,
      "e_abs": 1.2,
      "dur_abs": 1.2
    },
    {
      "id": "m0002",
      "s": 0.0,
      "e": 1.0,
      "dur": 1.0,
      "members": [
        "e0001#2",
        "e0002#1",
        "e0002#2",
        "e0003#1",
        "e0004#1",
        "e0004#2",
        "e0005#1",
        "e0005#2"
      ],
      "text": "person cut meat",
      "s_abs": 0.0,
      "e_abs": 8.066666666666666,
      "dur_abs": 8.066666666666666
    },
    {
      "id": "m0003",
      "s": 0.32644628099173556,
      "e": 0.6322314049586777,
      "dur": 0.30578512396694213,
      "members": [
        "e0003#2"
      ],
      "text": "meat slice",
      "s_abs": 2.6333333333333333,
      "e_abs": 5.1,
      "dur_abs": 2.4666666666666663
    }
  ],
  "meta": {
    "lane": "ref",
    "key": "ref4d_0208",
    "mode": "micro",
    "merge_config": {
      "tau_sem": 0.96,
      "gap_abs_sec": 1.01,
      "gap_norm_fallback": 0.1,
      "min_duration_norm": 0.0
    },
    "stats": {
      "num_input_items": 10,
      "num_kept_items": 10,
      "num_clusters": 3
    },
    "provenance": {
      "source_hash": "79b5261d61b5"
    }
  }
}