{
  "events": [
    {
      "id": "m0001",
      "s": 0.0,
      "e": 0.4424778761061947,
      "dur": 0.4424778761061947,
      "members": [
        "e0001#1",
        "e0001#2"
      ],
      "text": "statue stand",
      "s_abs": 0.0,
      "e_abs": 3.3333333333333335,
      "dur_abs": 3.3333333333333335
    },
    {
      "id": "m0002",
      "s": 0.4424778761061947,
      "e": 1.0,
      "dur": 0.5575221238938053,
      "members": [
        "e0002#1"
      ],
      "text": "statue stand still",
      "s_abs": 3.3333333333333335,
      "e_abs": 7.533333333333333,
      "dur_abs": 4.199999999999999
    }
  ],
  "meta": {
    "lane": "ref",
    "key": "ref4d_0116",
    "mode": "micro",
    "merge_config": {
      "tau_sem": 0.96,
      "gap_abs_sec": 1.01,
      "gap_norm_fallback": 0.1,
      "min_duration_norm": 0.0
    },
    "stats": {
      "num_input_items": 3,
      "num_kept_items": 3,
      "num_clusters": 2
    },
    "provenance": {
      "source_hash": "8bc517990fa7"
    }
  }
}