{
  "events": [
    {
      "id": "m0001",
      "s": 0.0,
      "e": 0.3333333333333333,
      "dur": 0.3333333333333333,
      "members": [
        "e0001#1"
      ],
      "text": "koala climb",
      "s_abs": 0.0,
      "e_abs": 2.033333333333333,
      "dur_abs": 2.033333333333333
    },
    {
      "id": "m0002",
      "s": 0.0,
      "e": 1.0,
      "dur": 1.0,
      "members": [
        "e0001#2",
        "e0002#1",
        "e0003#1"
      ],
      "text": "koala eat",
      "s_abs": 0.0,
      "e_abs": 6.1,
      "dur_abs": 6.1
    },
    {
      "id": "m0003",
      "s": 0.3333333333333333,
      "e": 0.6885245901639345,
      "dur": 0.3551912568306012,
      "members": [
        "e0002#2"
      ],
      "text": "koala look at other",
      "s_abs": 2.033333333333333,
      "e_abs": 4.2,
      "dur_abs": 2.166666666666667
    },
    {
      "id": "m0004",
      "s": 0.6885245901639345,
      "e": 1.0,
      "dur": 0.3114754098360655,
      "members": [
        "e0003#2"
      ],
      "text": "koala sit",
      "s_abs": 4.2,
      "e_abs": 6.1,
      "dur_abs": 1.8999999999999995
    }
  ],
  "meta": {
    "lane": "ref",
    "key": "ref4d_0012",
    "mode": "micro",
    "merge_config": {
      "tau_sem": 0.96,
      "gap_abs_sec": 1.01,
      "gap_norm_fallback": 0.1,
      "min_duration_norm": 0.0
    },
    "stats": {
      "num_input_items": 6,
      "num_kept_items": 6,
      "num_clusters": 4
    },
    "provenance": {
      "source_hash": "8dc8ef58fa2c"
    }
  }
}