{
  "events": [
    {
      "id": "m0001",
      "s": 0.0,
      "e": 0.9106382978723405,
      "dur": 0.9106382978723405,
      "members": [
        "e0001#2"
      ],
      "text": "whale surface",
      "s_abs": 0.0,
      "e_abs": 7.133333333333334,
      "dur_abs": 7.133333333333334
    },
    {
      "id": "m0002",
      "s": 0.0,
      "e": 1.0,
      "dur": 1.0,
      "members": [
        "e0001#1",
        "e0002#1"
      ],
      "text": "whale swim",
      "s_abs": 0.0,
      "e_abs": 7.833333333333333,
      "dur_abs": 7.833333333333333
    },
    {
      "id": "m0003",
      "s": 0.9106382978723405,
      "e": 1.0,
      "dur": 0.08936170212765948,
      "members": [
        "e0002#2"
      ],
      "text": "juvenile whale surface",
      "s_abs": 7.133333333333334,
      "e_abs": 7.833333333333333,
      "dur_abs": 0.6999999999999993
    }
  ],
  "meta": {
    "lane": "ref",
    "key": "ref4d_0084",
    "mode": "micro",
    "merge_config": {
      "tau_sem": 0.96,
      "gap_abs_sec": 1.01,
      "gap_norm_fallback": 0.1,
      "min_duration_norm": 0.0
    },
    "stats": {
      "num_input_items": 4,
      "num_kept_items": 4,
      "num_clusters": 3
    },
    "provenance": {
      "source_hash": "584a4d8d07c7"
    }
  }
}
