{
  "events": [
    {
      "id": "m0001",
      "s": 0.0,
      "e": 1.0,
      "dur": 1.0,
      "members": [
        "e0001#1",
        "e0001#2",
        "e0002#1"
      ],
      "text": "person stand on mountain",
      "s_abs": 0.0,
      "e_abs": 6.533333333333333,
      "dur_abs": 6.533333333333333
    },
    {
      "id": "m0002",
      "s": 0.40816326530612246,
      "e": 1.0,
      "dur": 0.5918367346938775,
      "members": [
        "e0002#2"
      ],
      "text": "person ski",
      "s_abs": 2.6666666666666665,
      "e_abs": 6.533333333333333,
      "dur_abs": 3.8666666666666667
    }
  ],
  "meta": {
    "lane": "ref",
    "key": "ref4d_0378",
    "mode": "micro",
    "merge_config": {
      "tau_sem": 0.96,
      "gap_abs_sec": 1.01,
      "gap_norm_fallback": 0.1,
      "min_duration_norm": 0.0
    },
    "stats": {
      "num_input_items": 4,
      "num_kept_items": 4,
      "num_clusters": 2
    },
    "provenance": {
      "source_hash": "2b14f5125c94"
    }
  }
}