{
  "events": [
    {
      "id": "m0001",
      "s": 0.0,
      "e": 0.20786516853932585,
      "dur": 0.20786516853932585,
      "members": [
        "e0001#2"
      ],
      "text": "person sit",
      "s_abs": 0.0,
      "e_abs": 1.2333333333333334,
      "dur_abs": 1.2333333333333334
    },
    {
      "id": "m0002",
      "s": 0.0,
      "e": 1.0,
      "dur": 1.0,
      "members": [
        "e0001#1",
        "e0002#1",
        "e0003#1",
        "e0004#1"
      ],
      "text": "person skateboarding",
      "s_abs": 0.0,
      "e_abs": 5.933333333333334,
      "dur_abs": 5.933333333333334
    },
    {
      "id": "m0003",
      "s": 0.20786516853932585,
      "e": 0.6685393258426966,
      "dur": 0.46067415730337075,
      "members": [
        "e0002#2",
        "e0003#2"
      ],
      "text": "person bend",
      "s_abs": 1.2333333333333334,
      "e_abs": 3.966666666666667,
      "dur_abs": 2.7333333333333334
    },
    {
      "id": "m0004",
      "s": 0.6685393258426966,
      "e": 1.0,
      "dur": 0.3314606741573034,
      "members": [
        "e0004#2"
      ],
      "text": "person roll",
      "s_abs": 3.966666666666667,
      "e_abs": 5.933333333333334,
      "dur_abs": 1.9666666666666668
    }
  ],
  "meta": {
    "lane": "ref",
    "key": "ref4d_0468",
    "mode": "micro",
    "merge_config": {
      "tau_sem": 0.96,
      "gap_abs_sec": 1.01,
      "gap_norm_fallback": 0.1,
      "min_duration_norm": 0.0
    },
    "stats": {
      "num_input_items": 8,
      "num_kept_items": 8,
      "num_clusters": 4
    },
    "provenance": {
      "source_hash": "ff2f7767bc41"
    }
  }
}