{
  "events": [
    {
      "id": "m0001",
      "s": 0.0,
      "e": 0.281021897810219,
      "dur": 0.281021897810219,
      "members": [
        "e0001#1"
      ],
      "text": "person point finger",
      "s_abs": 0.0,
      "e_abs": 2.566666666666667,
      "dur_abs": 2.566666666666667
    },
    {
      "id": "m0002",
      "s": 0.281021897810219,
      "e": 0.854014598540146,
      "dur": 0.572992700729927,
      "members": [
        "e0002#1",
        "e0003#1",
        "e0004#1"
      ],
      "text": "person talk",
      "s_abs": 2.566666666666667,
      "e_abs": 7.8,
      "dur_abs": 5.2333333333333325
    },
    {
      "id": "m0003",
      "s": 0.854014598540146,
      "e": 1.0,
      "dur": 0.14598540145985395,
      "members": [
        "e0005#1"
      ],
      "text": "person stand",
      "s_abs": 7.8,
      "e_abs": 9.133333333333333,
      "dur_abs": 1.333333333333333
    }
  ],
  "meta": {
    "lane": "ref",
    "key": "ref4d_0399",
    "mode": "micro",
    "merge_config": {
      "tau_sem": 0.96,
      "gap_abs_sec": 1.01,
      "gap_norm_fallback": 0.1,
      "min_duration_norm": 0.0
    },
    "stats": {
      "num_input_items": 5,
      "num_kept_items": 5,
      "num_clusters": 3
    },
    "provenance": {
      "source_hash": "cff3c9da16a9"
    }
  }
}