{
  "events": [
    {
      "id": "m0001",
      "s": 0.0,
      "e": 0.5521472392638036,
      "dur": 0.5521472392638036,
      "members": [
        "e0001#2"
      ],
      "text": "person take photo",
      "s_abs": 0.0,
      "e_abs": 3.0,
      "dur_abs": 3.0
    },
    {
      "id": "m0002",
      "s": 0.0,
      "e": 1.0,
      "dur": 1.0,
      "members": [
        "e0001#1",
        "e0002#1"
      ],
      "text": "person stand still",
      "s_abs": 0.0,
      "e_abs": 5.433333333333334,
      "dur_abs": 5.433333333333334
    },
    {
      "id": "m0003",
      "s": 0.5521472392638036,
      "e": 1.0,
      "dur": 0.4478527607361964,
      "members": [
        "e0002#2"
      ],
      "text": "person adjust tie",
      "s_abs": 3.0,
      "e_abs": 5.433333333333334,
      "dur_abs": 2.4333333333333336
    }
  ],
  "meta": {
    "lane": "ref",
    "key": "ref4d_0419",
    "mode": "micro",
    "merge_config": {
      "tau_sem": 0.96,
      "gap_abs_sec": 1.01,
      "gap_norm_fallback": 0.1,
      "min_duration_norm": 0.0
    },
    "stats": {
      "num_input_items": 4,
      "num_kept_items": 4,
      "num_clusters": 3
    },
    "provenance": {
      "source_hash": "d9e270def0c5"
    }
  }
}