{
  "events": [
    {
      "id": "m0001",
      "s": 0.0,
      "e": 0.23295454545454547,
      "dur": 0.23295454545454547,
      "members": [
        "e0001#1"
      ],
      "text": "person kick ball",
      "s_abs": 0.0,
      "e_abs": 1.3666666666666667,
      "dur_abs": 1.3666666666666667
    },
    {
      "id": "m0002",
      "s": 0.0,
      "e": 0.6022727272727273,
      "dur": 0.6022727272727273,
      "members": [
        "e0001#2",
        "e0002#2"
      ],
      "text": "person head ball",
      "s_abs": 0.0,
      "e_abs": 3.533333333333333,
      "dur_abs": 3.533333333333333
    },
    {
      "id": "m0003",
      "s": 0.23295454545454547,
      "e": 1.0,
      "dur": 0.7670454545454546,
      "members": [
        "e0002#1",
        "e0003#1"
      ],
      "text": "person stand on field",
      "s_abs": 1.3666666666666667,
      "e_abs": 5.866666666666666,
      "dur_abs": 4.5
    },
    {
      "id": "m0004",
      "s": 0.6022727272727273,
      "e": 1.0,
      "dur": 0.3977272727272727,
      "members": [
        "e0003#2"
      ],
      "text": "person kick ball",
      "s_abs": 3.533333333333333,
      "e_abs": 5.866666666666666,
      "dur_abs": 2.333333333333333
    }
  ],
  "meta": {
    "lane": "ref",
    "key": "ref4d_0469",
    "mode": "micro",
    "merge_config": {
      "tau_sem": 0.96,
      "gap_abs_sec": 1.01,
      "gap_norm_fallback": 0.1,
      "min_duration_norm": 0.0
    },
    "stats": {
      "num_input_items": 6,
      "num_kept_items": 6,
      "num_clusters": 4
    },
    "provenance": {
      "source_hash": "64e707041b1e"
    }
  }
}