{
  "events": [
    {
      "id": "m0001",
      "s": 0.0,
      "e": 0.49859154929577465,
      "dur": 0.49859154929577465,
      "members": [
        "e0001#1"
      ],
      "text": "water ripple",
      "s_abs": 0.0,
      "e_abs": 5.9,
      "dur_abs": 5.9
    },
    {
      "id": "m0002",
      "s": 0.49859154929577465,
      "e": 1.0,
      "dur": 0.5014084507042254,
      "members": [
        "e0002#1",
        "e0002#2",
        "e0003#1",
        "e0003#2",
        "e0004#1",
        "e0004#2"
      ],
      "text": "duck swim",
      "s_abs": 5.9,
      "e_abs": 11.833333333333334,
      "dur_abs": 5.933333333333334
    }
  ],
  "meta": {
    "lane": "ref",
    "key": "ref4d_0306",
    "mode": "micro",
    "merge_config": {
      "tau_sem": 0.96,
      "gap_abs_sec": 1.01,
      "gap_norm_fallback": 0.1,
      "min_duration_norm": 0.0
    },
    "stats": {
      "num_input_items": 7,
      "num_kept_items": 7,
      "num_clusters": 2
    },
    "provenance": {
      "source_hash": "0d53fc94fa09"
    }
  }
}