{
  "events": [
    {
      "id": "m0001",
      "s": 0.0,
      "e": 0.11400651465798048,
      "dur": 0.11400651465798048,
      "members": [
        "e0001#2"
      ],
      "text": "flamingo walk",
      "s_abs": 0.0,
      "e_abs": 1.1666666666666667,
      "dur_abs": 1.1666666666666667
    },
    {
      "id": "m0002",
      "s": 0.0,
      "e": 1.0,
      "dur": 1.0,
      "members": [
        "e0001#1",
        "e0002#1",
        "e0003#1",
        "e0004#1",
        "e0005#1",
        "e0006#1",
        "e0007#1",
        "e0008#1"
      ],
      "text": "flamingo stand",
      "s_abs": 0.0,
      "e_abs": 10.233333333333333,
      "dur_abs": 10.233333333333333
    },
    {
      "id": "m0003",
      "s": 0.11400651465798048,
      "e": 1.0,
      "dur": 0.8859934853420195,
      "members": [
        "e0002#2",
        "e0003#2",
        "e0004#2",
        "e0005#2",
        "e0006#2",
        "e0007#2",
        "e0008#2"
      ],
      "text": "flamingo wade",
      "s_abs": 1.1666666666666667,
      "e_abs": 10.233333333333333,
      "dur_abs": 9.066666666666666
    }
  ],
  "meta": {
    "lane": "ref",
    "key": "ref4d_0095",
    "mode": "micro",
    "merge_config": {
      "tau_sem": 0.96,
      "gap_abs_sec": 1.01,
      "gap_norm_fallback": 0.1,
      "min_duration_norm": 0.0
    },
    "stats": {
      "num_input_items": 16,
      "num_kept_items": 16,
      "num_clusters": 3
    },
    "provenance": {
      "source_hash": "1b906d4e2357"
    }
  }
}