{
  "events": [
    {
      "id": "m0001",
      "s": 0.0,
      "e": 0.36986301369863017,
      "dur": 0.36986301369863017,
      "members": [
        "e0001#2",
        "e0002#2"
      ],
      "text": "bus stop",
      "s_abs": 0.0,
      "e_abs": 2.7,
      "dur_abs": 2.7
    },
    {
      "id": "m0002",
      "s": 0.0,
      "e": 1.0,
      "dur": 1.0,
      "members": [
        "e0001#1",
        "e0002#1",
        "e0003#1",
        "e0003#2",
        "e0004#1",
        "e0005#1"
      ],
      "text": "bus drive along road",
      "s_abs": 0.0,
      "e_abs": 7.3,
      "dur_abs": 7.3
    },
    {
      "id": "m0003",
      "s": 0.589041095890411,
      "e": 0.8356164383561644,
      "dur": 0.2465753424657534,
      "members": [
        "e0004#2"
      ],
      "text": "pedestrian walk on sidewalk",
      "s_abs": 4.3,
      "e_abs": 6.1,
      "dur_abs": 1.7999999999999998
    },
    {
      "id": "m0004",
      "s": 0.8356164383561644,
      "e": 1.0,
      "dur": 0.1643835616438356,
      "members": [
        "e0005#2"
      ],
      "text": "bus stop at intersection",
      "s_abs": 6.1,
      "e_abs": 7.3,
      "dur_abs": 1.2000000000000002
    }
  ],
  "meta": {
    "lane": "ref",
    "key": "ref4d_0521",
    "mode": "micro",
    "merge_config": {
      "tau_sem": 0.96,
      "gap_abs_sec": 1.01,
      "gap_norm_fallback": 0.1,
      "min_duration_norm": 0.0
    },
    "stats": {
      "num_input_items": 10,
      "num_kept_items": 10,
      "num_clusters": 4
    },
    "provenance": {
      "source_hash": "863489629933"
    }
  }
}