{
  "events": [
    {
      "id": "m0001",
      "s": 0.0,
      "e": 0.2663043478260869,
      "dur": 0.2663043478260869,
      "members": [
        "e0001#1"
      ],
      "text": "bear sit",
      "s_abs": 0.0,
      "e_abs": 1.6333333333333333,
      "dur_abs": 1.6333333333333333
    },
    {
      "id": "m0002",
      "s": 0.0,
      "e": 0.2663043478260869,
      "dur": 0.2663043478260869,
      "members": [
        "e0001#2"
      ],
      "text": "bear stand",
      "s_abs": 0.0,
      "e_abs": 1.6333333333333333,
      "dur_abs": 1.6333333333333333
    },
    {
      "id": "m0003",
      "s": 0.2663043478260869,
      "e": 1.0,
      "dur": 0.7336956521739131,
      "members": [
        "e0002#1",
        "e0003#1",
        "e0004#1"
      ],
      "text": "bear play wrestle",
      "s_abs": 1.6333333333333333,
      "e_abs": 6.133333333333334,
      "dur_abs": 4.5
    },
    {
      "id": "m0004",
      "s": 0.2663043478260869,
      "e": 1.0,
      "dur": 0.7336956521739131,
      "members": [
        "e0002#2",
        "e0003#2",
        "e0004#2"
      ],
      "text": "bear roll",
      "s_abs": 1.6333333333333333,
      "e_abs": 6.133333333333334,
      "dur_abs": 4.5
    }
  ],
  "meta": {
    "lane": "ref",
    "key": "ref4d_0056",
    "mode": "micro",
    "merge_config": {
      "tau_sem": 0.96,
      "gap_abs_sec": 1.01,
      "gap_norm_fallback": 0.1,
      "min_duration_norm": 0.0
    },
    "stats": {
      "num_input_items": 8,
      "num_kept_items": 8,
      "num_clusters": 4
    },
    "provenance": {
      "source_hash": "b888cb1dd2e0"
    }
  }
}