{
  "events": [
    {
      "id": "m0001",
      "s": 0.0,
      "e": 0.26063829787234044,
      "dur": 0.26063829787234044,
      "members": [
        "e0001#1"
      ],
      "text": "tourist walk along path",
      "s_abs": 0.0,
      "e_abs": 1.6333333333333333,
      "dur_abs": 1.6333333333333333
    },
    {
      "id": "m0002",
      "s": 0.0,
      "e": 0.26063829787234044,
      "dur": 0.26063829787234044,
      "members": [
        "e0001#2"
      ],
      "text": "tourist stand on grass",
      "s_abs": 0.0,
      "e_abs": 1.6333333333333333,
      "dur_abs": 1.6333333333333333
    },
    {
      "id": "m0003",
      "s": 0.26063829787234044,
      "e": 1.0,
      "dur": 0.7393617021276595,
      "members": [
        "e0002#1"
      ],
      "text": "tourist walk around ruins",
      "s_abs": 1.6333333333333333,
      "e_abs": 6.266666666666667,
      "dur_abs": 4.633333333333333
    },
    {
      "id": "m0004",
      "s": 0.26063829787234044,
      "e": 1.0,
      "dur": 0.7393617021276595,
      "members": [
        "e0002#2"
      ],
      "text": "tourist stand on steps",
      "s_abs": 1.6333333333333333,
      "e_abs": 6.266666666666667,
      "dur_abs": 4.633333333333333
    }
  ],
  "meta": {
    "lane": "ref",
    "key": "ref4d_0156",
    "mode": "micro",
    "merge_config": {
      "tau_sem": 0.96,
      "gap_abs_sec": 1.01,
      "gap_norm_fallback": 0.1,
      "min_duration_norm": 0.0
    },
    "stats": {
      "num_input_items": 4,
      "num_kept_items": 4,
      "num_clusters": 4
    },
    "provenance": {
      "source_hash": "0e4adf9a34db"
    }
  }
}