{
  "events": [
    {
      "id": "m0001",
      "s": 0.0,
      "e": 0.10954063604240284,
      "dur": 0.10954063604240284,
      "members": [
        "e0001#2"
      ],
      "text": "bus parked",
      "s_abs": 0.0,
      "e_abs": 1.0333333333333334,
      "dur_abs": 1.0333333333333334
    },
    {
      "id": "m0002",
      "s": 0.0,
      "e": 1.0,
      "dur": 1.0,
      "members": [
        "e0001#1",
        "e0002#1",
        "e0002#2",
        "e0003#1",
        "e0003#2",
        "e0004#1",
        "e0004#2"
      ],
      "text": "bus stop",
      "s_abs": 0.0,
      "e_abs": 9.433333333333334,
      "dur_abs": 9.433333333333334
    }
  ],
  "meta": {
    "lane": "ref",
    "key": "ref4d_0555",
    "mode": "micro",
    "merge_config": {
      "tau_sem": 0.96,
      "gap_abs_sec": 1.01,
      "gap_norm_fallback": 0.1,
      "min_duration_norm": 0.0
    },
    "stats": {
      "num_input_items": 8,
      "num_kept_items": 8,
      "num_clusters": 2
    },
    "provenance": {
      "source_hash": "856338625dc4"
    }
  }
}