{
  "events": [
    {
      "id": "m0001",
      "s": 0.0,
      "e": 0.5,
      "dur": 0.5,
      "members": [
        "e0001#1",
        "e0002#1",
        "e0003#2"
      ],
      "text": "forklift lift pallet",
      "s_abs": 0.0,
      "e_abs": 4.733333333333333,
      "dur_abs": 4.733333333333333
    },
    {
      "id": "m0002",
      "s": 0.0,
      "e": 1.0,
      "dur": 1.0,
      "members": [
        "e0001#2",
        "e0002#2",
        "e0003#1",
        "e0004#1",
        "e0005#1",
        "e0006#1"
      ],
      "text": "forklift move forward",
      "s_abs": 0.0,
      "e_abs": 9.466666666666667,
      "dur_abs": 9.466666666666667
    },
    {
      "id": "m0003",
      "s": 0.5,
      "e": 0.8732394366197184,
      "dur": 0.37323943661971837,
      "members": [
        "e0004#2",
        "e0005#2"
      ],
      "text": "forklift turn left",
      "s_abs": 4.733333333333333,
      "e_abs": 8.266666666666667,
      "dur_abs": 3.533333333333334
    },
    {
      "id": "m0004",
      "s": 0.8732394366197184,
      "e": 1.0,
      "dur": 0.12676056338028163,
      "members": [
        "e0006#2"
      ],
      "text": "forklift lift pallet",
      "s_abs": 8.266666666666667,
      "e_abs": 9.466666666666667,
      "dur_abs": 1.1999999999999993
    }
  ],
  "meta": {
    "lane": "ref",
    "key": "ref4d_0264",
    "mode": "micro",
    "merge_config": {
      "tau_sem": 0.96,
      "gap_abs_sec": 1.01,
      "gap_norm_fallback": 0.1,
      "min_duration_norm": 0.0
    },
    "stats": {
      "num_input_items": 12,
      "num_kept_items": 12,
      "num_clusters": 4
    },
    "provenance": {
      "source_hash": "5cc215e05b36"
    }
  }
}