{
  "events": [
    {
      "id": "m0001",
      "s": 0.0,
      "e": 0.593984962406015,
      "dur": 0.593984962406015,
      "members": [
        "e0001#1",
        "e0002#1",
        "e0003#1"
      ],
      "text": "person stand",
      "s_abs": 0.0,
      "e_abs": 5.266666666666667,
      "dur_abs": 5.266666666666667
    },
    {
      "id": "m0002",
      "s": 0.0,
      "e": 1.0,
      "dur": 1.0,
      "members": [
        "e0001#2",
        "e0002#2",
        "e0003#2",
        "e0004#1",
        "e0005#2"
      ],
      "text": "person move",
      "s_abs": 0.0,
      "e_abs": 8.866666666666667,
      "dur_abs": 8.866666666666667
    },
    {
      "id": "m0003",
      "s": 0.7518796992481203,
      "e": 1.0,
      "dur": 0.24812030075187974,
      "members": [
        "e0005#1"
      ],
      "text": "person stand",
      "s_abs": 6.666666666666667,
      "e_abs": 8.866666666666667,
      "dur_abs": 2.2
    }
  ],
  "meta": {
    "lane": "ref",
    "key": "ref4d_0512",
    "mode": "micro",
    "merge_config": {
      "tau_sem": 0.96,
      "gap_abs_sec": 1.01,
      "gap_norm_fallback": 0.1,
      "min_duration_norm": 0.0
    },
    "stats": {
      "num_input_items": 9,
      "num_kept_items": 9,
      "num_clusters": 3
    },
    "provenance": {
      "source_hash": "c13708e6f07a"
    }
  }
}