{
  "events": [
    {
      "id": "m0001",
      "s": 0.0,
      "e": 0.30633802816901406,
      "dur": 0.30633802816901406,
      "members": [
        "e0001#2"
      ],
      "text": "person stop to look at flowers",
      "s_abs": 0.0,
      "e_abs": 2.9,
      "dur_abs": 2.9
    },
    {
      "id": "m0002",
      "s": 0.0,
      "e": 1.0,
      "dur": 1.0,
      "members": [
        "e0001#1",
        "e0002#1",
        "e0002#2",
        "e0003#1"
      ],
      "text": "person walk along path",
      "s_abs": 0.0,
      "e_abs": 9.466666666666667,
      "dur_abs": 9.466666666666667
    },
    {
      "id": "m0003",
      "s": 0.5140845070422535,
      "e": 1.0,
      "dur": 0.4859154929577465,
      "members": [
        "e0003#2"
      ],
      "text": "person stop to look at flowers",
      "s_abs": 4.866666666666666,
      "e_abs": 9.466666666666667,
      "dur_abs": 4.6000000000000005
    }
  ],
  "meta": {
    "lane": "ref",
    "key": "ref4d_0348",
    "mode": "micro",
    "merge_config": {
      "tau_sem": 0.96,
      "gap_abs_sec": 1.01,
      "gap_norm_fallback": 0.1,
      "min_duration_norm": 0.0
    },
    "stats": {
      "num_input_items": 6,
      "num_kept_items": 6,
      "num_clusters": 3
    },
    "provenance": {
      "source_hash": "d4f362839c4b"
    }
  }
}