{
  "events": [
    {
      "id": "m0001",
      "s": 0.0,
      "e": 0.2361111111111111,
      "dur": 0.2361111111111111,
      "members": [
        "e0001#1"
      ],
      "text": "woman walk",
      "s_abs": 0.0,
      "e_abs": 1.7,
      "dur_abs": 1.7
    },
    {
      "id": "m0002",
      "s": 0.0,
      "e": 0.2361111111111111,
      "dur": 0.2361111111111111,
      "members": [
        "e0001#2"
      ],
      "text": "woman turn around",
      "s_abs": 0.0,
      "e_abs": 1.7,
      "dur_abs": 1.7
    },
    {
      "id": "m0003",
      "s": 0.2361111111111111,
      "e": 0.4351851851851852,
      "dur": 0.19907407407407407,
      "members": [
        "e0002#2"
      ],
      "text": "woman talk",
      "s_abs": 1.7,
      "e_abs": 3.1333333333333333,
      "dur_abs": 1.4333333333333333
    },
    {
      "id": "m0004",
      "s": 0.2361111111111111,
      "e": 1.0,
      "dur": 0.7638888888888888,
      "members": [
        "e0002#1",
        "e0003#1",
        "e0004#1",
        "e0005#1"
      ],
      "text": "woman shake hand",
      "s_abs": 1.7,
      "e_abs": 7.2,
      "dur_abs": 5.5
    }
  ],
  "meta": {
    "lane": "ref",
    "key": "ref4d_0176",
    "mode": "micro",
    "merge_config": {
      "tau_sem": 0.96,
      "gap_abs_sec": 1.01,
      "gap_norm_fallback": 0.1,
      "min_duration_norm": 0.0
    },
    "stats": {
      "num_input_items": 7,
      "num_kept_items": 7,
      "num_clusters": 4
    },
    "provenance": {
      "source_hash": "80f9a5d620d2"
    }
  }
}