{
  "events": [
    {
      "id": "m0001",
      "s": 0.0,
      "e": 0.5229357798165137,
      "dur": 0.5229357798165137,
      "members": [
        "e0001#1"
      ],
      "text": "mountain remain still",
      "s_abs": 0.0,
      "e_abs": 9.5,
      "dur_abs": 9.5
    },
    {
      "id": "m0002",
      "s": 0.5229357798165137,
      "e": 1.0,
      "dur": 0.47706422018348627,
      "members": [
        "e0002#1"
      ],
      "text": "car drive along road",
      "s_abs": 9.5,
      "e_abs": 18.166666666666668,
      "dur_abs": 8.666666666666668
    },
    {
      "id": "m0003",
      "s": 0.5229357798165137,
      "e": 1.0,
      "dur": 0.47706422018348627,
      "members": [
        "e0002#2"
      ],
      "text": "pedestrian cross street",
      "s_abs": 9.5,
      "e_abs": 18.166666666666668,
      "dur_abs": 8.666666666666668
    }
  ],
  "meta": {
    "lane": "ref",
    "key": "ref4d_0351",
    "mode": "micro",
    "merge_config": {
      "tau_sem": 0.96,
      "gap_abs_sec": 1.01,
      "gap_norm_fallback": 0.1,
      "min_duration_norm": 0.0
    },
    "stats": {
      "num_input_items": 3,
      "num_kept_items": 3,
      "num_clusters": 3
    },
    "provenance": {
      "source_hash": "7daa4f56218c"
    }
  }
}