{
  "events": [
    {
      "id": "m0001",
      "s": 0.0,
      "e": 1.0,
      "dur": 1.0,
      "members": [
        "e0001#1",
        "e0002#1",
        "e0003#1",
        "e0004#1"
      ],
      "text": "train move along track",
      "s_abs": 0.0,
      "e_abs": 8.233333333333333,
      "dur_abs": 8.233333333333333
    },
    {
      "id": "m0002",
      "s": 0.4331983805668017,
      "e": 0.8461538461538463,
      "dur": 0.41295546558704455,
      "members": [
        "e0002#2",
        "e0003#2"
      ],
      "text": "train pass by",
      "s_abs": 3.566666666666667,
      "e_abs": 6.966666666666667,
      "dur_abs": 3.4
    }
  ],
  "meta": {
    "lane": "ref",
    "key": "ref4d_0535",
    "mode": "micro",
    "merge_config": {
      "tau_sem": 0.96,
      "gap_abs_sec": 1.01,
      "gap_norm_fallback": 0.1,
      "min_duration_norm": 0.0
    },
    "stats": {
      "num_input_items": 6,
      "num_kept_items": 6,
      "num_clusters": 2
    },
    "provenance": {
      "source_hash": "da174650a05a"
    }
  }
}