{
  "events": [
    {
      "id": "m0001",
      "s": 0.0,
      "e": 1.0,
      "dur": 1.0,
      "members": [
        "e0001#1",
        "e0001#2",
        "e0002#1",
        "e0003#1",
        "e0003#2",
        "e0004#1",
        "e0005#1",
        "e0005#2",
        "e0006#1",
        "e0006#2",
        "e0007#1"
      ],
      "text": "snowboarder slide down slope",
      "s_abs": 0.0,
      "e_abs": 9.666666666666666,
      "dur_abs": 9.666666666666666
    },
    {
      "id": "m0002",
      "s": 0.11724137931034483,
      "e": 0.28620689655172415,
      "dur": 0.16896551724137931,
      "members": [
        "e0002#2"
      ],
      "text": "snowboarder land",
      "s_abs": 1.1333333333333333,
      "e_abs": 2.7666666666666666,
      "dur_abs": 1.6333333333333333
    },
    {
      "id": "m0003",
      "s": 0.3931034482758621,
      "e": 0.496551724137931,
      "dur": 0.10344827586206895,
      "members": [
        "e0004#2"
      ],
      "text": "snowboarder land",
      "s_abs": 3.8,
      "e_abs": 4.8,
      "dur_abs": 1.0
    },
    {
      "id": "m0004",
      "s": 0.8551724137931036,
      "e": 1.0,
      "dur": 0.1448275862068964,
      "members": [
        "e0007#2"
      ],
      "text": "snowboarder land",
      "s_abs": 8.266666666666667,
      "e_abs": 9.666666666666666,
      "dur_abs": 1.3999999999999986
    }
  ],
  "meta": {
    "lane": "ref",
    "key": "ref4d_0490",
    "mode": "micro",
    "merge_config": {
      "tau_sem": 0.96,
      "gap_abs_sec": 1.01,
      "gap_norm_fallback": 0.1,
      "min_duration_norm": 0.0
    },
    "stats": {
      "num_input_items": 14,
      "num_kept_items": 14,
      "num_clusters": 4
    },
    "provenance": {
      "source_hash": "484addf2ad92"
    }
  }
}