{
  "events": [
    {
      "id": "m0001",
      "s": 0.0,
      "e": 0.4988179669030733,
      "dur": 0.4988179669030733,
      "members": [
        "e0001#1"
      ],
      "text": "person walk",
      "s_abs": 0.0,
      "e_abs": 7.033333333333333,
      "dur_abs": 7.033333333333333
    },
    {
      "id": "m0002",
      "s": 0.4988179669030733,
      "e": 1.0,
      "dur": 0.5011820330969268,
      "members": [
        "e0002#1"
      ],
      "text": "castle stand",
      "s_abs": 7.033333333333333,
      "e_abs": 14.1,
      "dur_abs": 7.066666666666666
    }
  ],
  "meta": {
    "lane": "ref",
    "key": "ref4d_0147",
    "mode": "micro",
    "merge_config": {
      "tau_sem": 0.96,
      "gap_abs_sec": 1.01,
      "gap_norm_fallback": 0.1,
      "min_duration_norm": 0.0
    },
    "stats": {
      "num_input_items": 2,
      "num_kept_items": 2,
      "num_clusters": 2
    },
    "provenance": {
      "source_hash": "8bfdfed93a7e"
    }
  }
}