{
  "events": [
    {
      "id": "m0001",
      "s": 0.0,
      "e": 0.5988372093023255,
      "dur": 0.5988372093023255,
      "members": [
        "e0001#1"
      ],
      "text": "blue box move",
      "s_abs": 0.0,
      "e_abs": 3.433333333333333,
      "dur_abs": 3.433333333333333
    },
    {
      "id": "m0002",
      "s": 0.0,
      "e": 0.5988372093023255,
      "dur": 0.5988372093023255,
      "members": [
        "e0001#2"
      ],
      "text": "blue box stop",
      "s_abs": 0.0,
      "e_abs": 3.433333333333333,
      "dur_abs": 3.433333333333333
    },
    {
      "id": "m0003",
      "s": 0.5988372093023255,
      "e": 1.0,
      "dur": 0.40116279069767447,
      "members": [
        "e0002#1"
      ],
      "text": "paper move",
      "s_abs": 3.433333333333333,
      "e_abs": 5.733333333333333,
      "dur_abs": 2.3000000000000003
    },
    {
      "id": "m0004",
      "s": 0.5988372093023255,
      "e": 1.0,
      "dur": 0.40116279069767447,
      "members": [
        "e0002#2"
      ],
      "text": "paper feed",
      "s_abs": 3.433333333333333,
      "e_abs": 5.733333333333333,
      "dur_abs": 2.3000000000000003
    }
  ],
  "meta": {
    "lane": "ref",
    "key": "ref4d_0259",
    "mode": "micro",
    "merge_config": {
      "tau_sem": 0.96,
      "gap_abs_sec": 1.01,
      "gap_norm_fallback": 0.1,
      "min_duration_norm": 0.0
    },
    "stats": {
      "num_input_items": 4,
      "num_kept_items": 4,
      "num_clusters": 4
    },
    "provenance": {
      "source_hash": "88b13b4c261c"
    }
  }
}