{
  "events": [
    {
      "id": "m0001",
      "s": 0.0,
      "e": 1.0,
      "dur": 1.0,
      "members": [
        "e0001#1",
        "e0001#2",
        "e0002#1",
        "e0003#1",
        "e0004#1"
      ],
      "text": "person walk over hurdle",
      "s_abs": 0.0,
      "e_abs": 7.333333333333333,
      "dur_abs": 7.333333333333333
    },
    {
      "id": "m0002",
      "s": 0.7136363636363636,
      "e": 1.0,
      "dur": 0.2863636363636364,
      "members": [
        "e0004#2"
      ],
      "text": "person walk",
      "s_abs": 5.233333333333333,
      "e_abs": 7.333333333333333,
      "dur_abs": 2.0999999999999996
    }
  ],
  "meta": {
    "lane": "ref",
    "key": "ref4d_0482",
    "mode": "micro",
    "merge_config": {
      "tau_sem": 0.96,
      "gap_abs_sec": 1.01,
      "gap_norm_fallback": 0.1,
      "min_duration_norm": 0.0
    },
    "stats": {
      "num_input_items": 6,
      "num_kept_items": 6,
      "num_clusters": 2
    },
    "provenance": {
      "source_hash": "201e75120fba"
    }
  }
}