{
  "events": [
    {
      "id": "m0001",
      "s": 0.0,
      "e": 0.4954128440366973,
      "dur": 0.4954128440366973,
      "members": [
        "e0001#1"
      ],
      "text": "boat dock",
      "s_abs": 0.0,
      "e_abs": 5.4,
      "dur_abs": 5.4
    },
    {
      "id": "m0002",
      "s": 0.0,
      "e": 0.4954128440366973,
      "dur": 0.4954128440366973,
      "members": [
        "e0001#2"
      ],
      "text": "boat undock",
      "s_abs": 0.0,
      "e_abs": 5.4,
      "dur_abs": 5.4
    },
    {
      "id": "m0003",
      "s": 0.4954128440366973,
      "e": 1.0,
      "dur": 0.5045871559633027,
      "members": [
        "e0002#1",
        "e0003#1"
      ],
      "text": "bus park",
      "s_abs": 5.4,
      "e_abs": 10.9,
      "dur_abs": 5.5
    },
    {
      "id": "m0004",
      "s": 0.4954128440366973,
      "e": 1.0,
      "dur": 0.5045871559633027,
      "members": [
        "e0002#2",
        "e0003#2"
      ],
      "text": "bus stop",
      "s_abs": 5.4,
      "e_abs": 10.9,
      "dur_abs": 5.5
    }
  ],
  "meta": {
    "lane": "ref",
    "key": "ref4d_0522",
    "mode": "micro",
    "merge_config": {
      "tau_sem": 0.96,
      "gap_abs_sec": 1.01,
      "gap_norm_fallback": 0.1,
      "min_duration_norm": 0.0
    },
    "stats": {
      "num_input_items": 6,
      "num_kept_items": 6,
      "num_clusters": 4
    },
    "provenance": {
      "source_hash": "77991cc00ecb"
    }
  }
}