{
  "events": [
    {
      "id": "m0001",
      "s": 0.0,
      "e": 0.720136518771331,
      "dur": 0.720136518771331,
      "members": [
        "e0001#1",
        "e0002#1",
        "e0003#1",
        "e0004#1"
      ],
      "text": "no events",
      "s_abs": 0.0,
      "e_abs": 7.033333333333333,
      "dur_abs": 7.033333333333333
    },
    {
      "id": "m0002",
      "s": 0.720136518771331,
      "e": 1.0,
      "dur": 0.279863481228669,
      "members": [
        "e0005#1"
      ],
      "text": "dining table sit",
      "s_abs": 7.033333333333333,
      "e_abs": 9.766666666666667,
      "dur_abs": 2.7333333333333343
    },
    {
      "id": "m0003",
      "s": 0.720136518771331,
      "e": 1.0,
      "dur": 0.279863481228669,
      "members": [
        "e0005#2"
      ],
      "text": "chairs move",
      "s_abs": 7.033333333333333,
      "e_abs": 9.766666666666667,
      "dur_abs": 2.7333333333333343
    }
  ],
  "meta": {
    "lane": "ref",
    "key": "ref4d_0129",
    "mode": "micro",
    "merge_config": {
      "tau_sem": 0.96,
      "gap_abs_sec": 1.01,
      "gap_norm_fallback": 0.1,
      "min_duration_norm": 0.0
    },
    "stats": {
      "num_input_items": 6,
      "num_kept_items": 6,
      "num_clusters": 3
    },
    "provenance": {
      "source_hash": "0365df7833eb"
    }
  }
}