{
  "events": [
    {
      "id": "m0001",
      "s": 0.0,
      "e": 0.540084388185654,
      "dur": 0.540084388185654,
      "members": [
        "e0001#1",
        "e0002#1"
      ],
      "text": "person stand",
      "s_abs": 0.0,
      "e_abs": 4.266666666666667,
      "dur_abs": 4.266666666666667
    },
    {
      "id": "m0002",
      "s": 0.22362869198312235,
      "e": 1.0,
      "dur": 0.7763713080168777,
      "members": [
        "e0002#2",
        "e0003#1",
        "e0004#2"
      ],
      "text": "person hold award",
      "s_abs": 1.7666666666666666,
      "e_abs": 7.9,
      "dur_abs": 6.133333333333334
    },
    {
      "id": "m0003",
      "s": 0.8270042194092827,
      "e": 1.0,
      "dur": 0.1729957805907173,
      "members": [
        "e0004#1"
      ],
      "text": "person stand",
      "s_abs": 6.533333333333333,
      "e_abs": 7.9,
      "dur_abs": 1.3666666666666671
    }
  ],
  "meta": {
    "lane": "ref",
    "key": "ref4d_0164",
    "mode": "micro",
    "merge_config": {
      "tau_sem": 0.96,
      "gap_abs_sec": 1.01,
      "gap_norm_fallback": 0.1,
      "min_duration_norm": 0.0
    },
    "stats": {
      "num_input_items": 6,
      "num_kept_items": 6,
      "num_clusters": 3
    },
    "provenance": {
      "source_hash": "53ac7e8ca0ca"
    }
  }
}