{
  "events": [
    {
      "id": "m0001",
      "s": 0.0,
      "e": 0.6615384615384616,
      "dur": 0.6615384615384616,
      "members": [
        "e0001#1",
        "e0002#1",
        "e0003#1"
      ],
      "text": "car drive along road",
      "s_abs": 0.0,
      "e_abs": 5.733333333333333,
      "dur_abs": 5.733333333333333
    },
    {
      "id": "m0002",
      "s": 0.0,
      "e": 0.6615384615384616,
      "dur": 0.6615384615384616,
      "members": [
        "e0001#2",
        "e0002#2",
        "e0003#2"
      ],
      "text": "pedestrian cross street",
      "s_abs": 0.0,
      "e_abs": 5.733333333333333,
      "dur_abs": 5.733333333333333
    },
    {
      "id": "m0003",
      "s": 0.6615384615384616,
      "e": 1.0,
      "dur": 0.33846153846153837,
      "members": [
        "e0004#1"
      ],
      "text": "man stand",
      "s_abs": 5.733333333333333,
      "e_abs": 8.666666666666666,
      "dur_abs": 2.9333333333333327
    },
    {
      "id": "m0004",
      "s": 0.6615384615384616,
      "e": 1.0,
      "dur": 0.33846153846153837,
      "members": [
        "e0004#2"
      ],
      "text": "man hold bag",
      "s_abs": 5.733333333333333,
      "e_abs": 8.666666666666666,
      "dur_abs": 2.9333333333333327
    }
  ],
  "meta": {
    "lane": "ref",
    "key": "ref4d_0130",
    "mode": "micro",
    "merge_config": {
      "tau_sem": 0.96,
      "gap_abs_sec": 1.01,
      "gap_norm_fallback": 0.1,
      "min_duration_norm": 0.0
    },
    "stats": {
      "num_input_items": 8,
      "num_kept_items": 8,
      "num_clusters": 4
    },
    "provenance": {
      "source_hash": "b718da4605f3"
    }
  }
}