{
  "events": [
    {
      "id": "m0001",
      "s": 0.0,
      "e": 0.1485148514851485,
      "dur": 0.1485148514851485,
      "members": [
        "e0001#1"
      ],
      "text": "man kneel",
      "s_abs": 0.0,
      "e_abs": 1.0,
      "dur_abs": 1.0
    },
    {
      "id": "m0002",
      "s": 0.0,
      "e": 0.1485148514851485,
      "dur": 0.1485148514851485,
      "members": [
        "e0001#2"
      ],
      "text": "man stand",
      "s_abs": 0.0,
      "e_abs": 1.0,
      "dur_abs": 1.0
    },
    {
      "id": "m0003",
      "s": 0.1485148514851485,
      "e": 1.0,
      "dur": 0.8514851485148515,
      "members": [
        "e0002#1"
      ],
      "text": "woman sit on floor",
      "s_abs": 1.0,
      "e_abs": 6.733333333333333,
      "dur_abs": 5.733333333333333
    },
    {
      "id": "m0004",
      "s": 0.1485148514851485,
      "e": 1.0,
      "dur": 0.8514851485148515,
      "members": [
        "e0002#2"
      ],
      "text": "woman hold baby",
      "s_abs": 1.0,
      "e_abs": 6.733333333333333,
      "dur_abs": 5.733333333333333
    }
  ],
  "meta": {
    "lane": "ref",
    "key": "ref4d_0450",
    "mode": "micro",
    "merge_config": {
      "tau_sem": 0.96,
      "gap_abs_sec": 1.01,
      "gap_norm_fallback": 0.1,
      "min_duration_norm": 0.0
    },
    "stats": {
      "num_input_items": 4,
      "num_kept_items": 4,
      "num_clusters": 4
    },
    "provenance": {
      "source_hash": "e5b416792a2d"
    }
  }
}