{
  "events": [
    {
      "id": "m0001",
      "s": 0.0,
      "e": 0.3971291866028708,
      "dur": 0.3971291866028708,
      "members": [
        "e0001#1"
      ],
      "text": "pizza serve",
      "s_abs": 0.0,
      "e_abs": 2.7666666666666666,
      "dur_abs": 2.7666666666666666
    },
    {
      "id": "m0002",
      "s": 0.0,
      "e": 0.3971291866028708,
      "dur": 0.3971291866028708,
      "members": [
        "e0001#2"
      ],
      "text": "pizza placed on table",
      "s_abs": 0.0,
      "e_abs": 2.7666666666666666,
      "dur_abs": 2.7666666666666666
    },
    {
      "id": "m0003",
      "s": 0.3971291866028708,
      "e": 0.8421052631578947,
      "dur": 0.4449760765550239,
      "members": [
        "e0002#1"
      ],
      "text": "person pick up pizza slice",
      "s_abs": 2.7666666666666666,
      "e_abs": 5.866666666666666,
      "dur_abs": 3.0999999999999996
    },
    {
      "id": "m0004",
      "s": 0.3971291866028708,
      "e": 1.0,
      "dur": 0.6028708133971292,
      "members": [
        "e0002#2",
        "e0003#1",
        "e0003#2"
      ],
      "text": "person eat pizza",
      "s_abs": 2.7666666666666666,
      "e_abs": 6.966666666666667,
      "dur_abs": 4.2
    }
  ],
  "meta": {
    "lane": "ref",
    "key": "ref4d_0197",
    "mode": "micro",
    "merge_config": {
      "tau_sem": 0.96,
      "gap_abs_sec": 1.01,
      "gap_norm_fallback": 0.1,
      "min_duration_norm": 0.0
    },
    "stats": {
      "num_input_items": 6,
      "num_kept_items": 6,
      "num_clusters": 4
    },
    "provenance": {
      "source_hash": "c5bf834831df"
    }
  }
}