{
  "events": [
    {
      "id": "m0001",
      "s": 0.0,
      "e": 0.856115107913669,
      "dur": 0.856115107913669,
      "members": [
        "e0001#1",
        "e0002#1",
        "e0003#1",
        "e0004#1",
        "e0005#1"
      ],
      "text": "dolphin swim",
      "s_abs": 0.0,
      "e_abs": 7.933333333333334,
      "dur_abs": 7.933333333333334
    },
    {
      "id": "m0002",
      "s": 0.0,
      "e": 0.856115107913669,
      "dur": 0.856115107913669,
      "members": [
        "e0001#2",
        "e0002#2",
        "e0003#2",
        "e0004#2",
        "e0005#2"
      ],
      "text": "dolphin surface",
      "s_abs": 0.0,
      "e_abs": 7.933333333333334,
      "dur_abs": 7.933333333333334
    },
    {
      "id": "m0003",
      "s": 0.856115107913669,
      "e": 1.0,
      "dur": 0.14388489208633104,
      "members": [
        "e0006#1"
      ],
      "text": "yellow ball float",
      "s_abs": 7.933333333333334,
      "e_abs": 9.266666666666667,
      "dur_abs": 1.333333333333334
    },
    {
      "id": "m0004",
      "s": 0.856115107913669,
      "e": 1.0,
      "dur": 0.14388489208633104,
      "members": [
        "e0006#2"
      ],
      "text": "water ripple",
      "s_abs": 7.933333333333334,
      "e_abs": 9.266666666666667,
      "dur_abs": 1.333333333333334
    }
  ],
  "meta": {
    "lane": "ref",
    "key": "ref4d_0061",
    "mode": "micro",
    "merge_config": {
      "tau_sem": 0.96,
      "gap_abs_sec": 1.01,
      "gap_norm_fallback": 0.1,
      "min_duration_norm": 0.0
    },
    "stats": {
      "num_input_items": 12,
      "num_kept_items": 12,
      "num_clusters": 4
    },
    "provenance": {
      "source_hash": "80b6705aa0e0"
    }
  }
}