{
  "events": [
    {
      "id": "m0001",
      "s": 0.0,
      "e": 0.27840909090909094,
      "dur": 0.27840909090909094,
      "members": [
        "e0001#1"
      ],
      "text": "person walk down street",
      "s_abs": 0.0,
      "e_abs": 1.6333333333333333,
      "dur_abs": 1.6333333333333333
    },
    {
      "id": "m0002",
      "s": 0.0,
      "e": 0.27840909090909094,
      "dur": 0.27840909090909094,
      "members": [
        "e0001#2"
      ],
      "text": "person stand on sidewalk",
      "s_abs": 0.0,
      "e_abs": 1.6333333333333333,
      "dur_abs": 1.6333333333333333
    },
    {
      "id": "m0003",
      "s": 0.27840909090909094,
      "e": 1.0,
      "dur": 0.7215909090909091,
      "members": [
        "e0002#1",
        "e0003#1"
      ],
      "text": "person walk",
      "s_abs": 1.6333333333333333,
      "e_abs": 5.866666666666666,
      "dur_abs": 4.2333333333333325
    }
  ],
  "meta": {
    "lane": "ref",
    "key": "ref4d_0445",
    "mode": "micro",
    "merge_config": {
      "tau_sem": 0.96,
      "gap_abs_sec": 1.01,
      "gap_norm_fallback": 0.1,
      "min_duration_norm": 0.0
    },
    "stats": {
      "num_input_items": 4,
      "num_kept_items": 4,
      "num_clusters": 3
    },
    "provenance": {
      "source_hash": "63af4acb70c6"
    }
  }
}