{
  "events": [
    {
      "id": "m0001",
      "s": 0.0,
      "e": 0.37185929648241206,
      "dur": 0.37185929648241206,
      "members": [
        "e0001#1"
      ],
      "text": "bus move",
      "s_abs": 0.0,
      "e_abs": 2.466666666666667,
      "dur_abs": 2.466666666666667
    },
    {
      "id": "m0002",
      "s": 0.37185929648241206,
      "e": 1.0,
      "dur": 0.6281407035175879,
      "members": [
        "e0002#1",
        "e0003#1"
      ],
      "text": "bus stop",
      "s_abs": 2.466666666666667,
      "e_abs": 6.633333333333334,
      "dur_abs": 4.166666666666667
    }
  ],
  "meta": {
    "lane": "ref",
    "key": "ref4d_0586",
    "mode": "micro",
    "merge_config": {
      "tau_sem": 0.96,
      "gap_abs_sec": 1.01,
      "gap_norm_fallback": 0.1,
      "min_duration_norm": 0.0
    },
    "stats": {
      "num_input_items": 3,
      "num_kept_items": 3,
      "num_clusters": 2
    },
    "provenance": {
      "source_hash": "7bbc6ca75138"
    }
  }
}