{
  "events": [
    {
      "id": "m0001",
      "s": 0.0,
      "e": 0.25206611570247933,
      "dur": 0.25206611570247933,
      "members": [
        "e0001#2"
      ],
      "text": "machine cut wood",
      "s_abs": 0.0,
      "e_abs": 2.033333333333333,
      "dur_abs": 2.033333333333333
    },
    {
      "id": "m0002",
      "s": 0.0,
      "e": 1.0,
      "dur": 1.0,
      "members": [
        "e0001#1",
        "e0002#1",
        "e0003#1",
        "e0004#1"
      ],
      "text": "wooden spoon rotate",
      "s_abs": 0.0,
      "e_abs": 8.066666666666666,
      "dur_abs": 8.066666666666666
    },
    {
      "id": "m0003",
      "s": 0.25206611570247933,
      "e": 0.47107438016528924,
      "dur": 0.2190082644628099,
      "members": [
        "e0002#2"
      ],
      "text": "machine carve spoon",
      "s_abs": 2.033333333333333,
      "e_abs": 3.8,
      "dur_abs": 1.7666666666666666
    },
    {
      "id": "m0004",
      "s": 0.47107438016528924,
      "e": 1.0,
      "dur": 0.5289256198347108,
      "members": [
        "e0003#2",
        "e0004#2"
      ],
      "text": "machine cut wood",
      "s_abs": 3.8,
      "e_abs": 8.066666666666666,
      "dur_abs": 4.266666666666667
    }
  ],
  "meta": {
    "lane": "ref",
    "key": "ref4d_0256",
    "mode": "micro",
    "merge_config": {
      "tau_sem": 0.96,
      "gap_abs_sec": 1.01,
      "gap_norm_fallback": 0.1,
      "min_duration_norm": 0.0
    },
    "stats": {
      "num_input_items": 8,
      "num_kept_items": 8,
      "num_clusters": 4
    },
    "provenance": {
      "source_hash": "9161cc414815"
    }
  }
}