{
  "events": [
    {
      "id": "m0001",
      "s": 0.0,
      "e": 0.23905723905723905,
      "dur": 0.23905723905723905,
      "members": [
        "e0001#1"
      ],
      "text": "skier stand on snowboarder",
      "s_abs": 0.0,
      "e_abs": 2.3666666666666667,
      "dur_abs": 2.3666666666666667
    },
    {
      "id": "m0002",
      "s": 0.0,
      "e": 0.23905723905723905,
      "dur": 0.23905723905723905,
      "members": [
        "e0001#2"
      ],
      "text": "snowboarders slide down hill",
      "s_abs": 0.0,
      "e_abs": 2.3666666666666667,
      "dur_abs": 2.3666666666666667
    },
    {
      "id": "m0003",
      "s": 0.23905723905723905,
      "e": 1.0,
      "dur": 0.7609427609427609,
      "members": [
        "e0002#1"
      ],
      "text": "person sit on person",
      "s_abs": 2.3666666666666667,
      "e_abs": 9.9,
      "dur_abs": 7.533333333333333
    },
    {
      "id": "m0004",
      "s": 0.23905723905723905,
      "e": 1.0,
      "dur": 0.7609427609427609,
      "members": [
        "e0002#2"
      ],
      "text": "person drink from cup",
      "s_abs": 2.3666666666666667,
      "e_abs": 9.9,
      "dur_abs": 7.533333333333333
    }
  ],
  "meta": {
    "lane": "ref",
    "key": "ref4d_0461",
    "mode": "micro",
    "merge_config": {
      "tau_sem": 0.96,
      "gap_abs_sec": 1.01,
      "gap_norm_fallback": 0.1,
      "min_duration_norm": 0.0
    },
    "stats": {
      "num_input_items": 4,
      "num_kept_items": 4,
      "num_clusters": 4
    },
    "provenance": {
      "source_hash": "c0ac42c35048"
    }
  }
}