{
  "events": [
    {
      "id": "m0001",
      "s": 0.0,
      "e": 0.515406162464986,
      "dur": 0.515406162464986,
      "members": [
        "e0001#1"
      ],
      "text": "building stand",
      "s_abs": 0.0,
      "e_abs": 6.133333333333334,
      "dur_abs": 6.133333333333334
    },
    {
      "id": "m0002",
      "s": 0.515406162464986,
      "e": 1.0,
      "dur": 0.48459383753501395,
      "members": [
        "e0002#1"
      ],
      "text": "bridge cross river",
      "s_abs": 6.133333333333334,
      "e_abs": 11.9,
      "dur_abs": 5.766666666666667
    },
    {
      "id": "m0003",
      "s": 0.515406162464986,
      "e": 1.0,
      "dur": 0.48459383753501395,
      "members": [
        "e0002#2"
      ],
      "text": "vehicles drive on bridge",
      "s_abs": 6.133333333333334,
      "e_abs": 11.9,
      "dur_abs": 5.766666666666667
    }
  ],
  "meta": {
    "lane": "ref",
    "key": "ref4d_0117",
    "mode": "micro",
    "merge_config": {
      "tau_sem": 0.96,
      "gap_abs_sec": 1.01,
      "gap_norm_fallback": 0.1,
      "min_duration_norm": 0.0
    },
    "stats": {
      "num_input_items": 3,
      "num_kept_items": 3,
      "num_clusters": 3
    },
    "provenance": {
      "source_hash": "3f0c74779986"
    }
  }
}