{
  "events": [
    {
      "id": "m0001",
      "s": 0.0,
      "e": 0.6996197718631179,
      "dur": 0.6996197718631179,
      "members": [
        "e0001#1",
        "e0002#1",
        "e0003#1",
        "e0004#1"
      ],
      "text": "basketball player dribble",
      "s_abs": 0.0,
      "e_abs": 6.133333333333334,
      "dur_abs": 6.133333333333334
    },
    {
      "id": "m0002",
      "s": 0.0,
      "e": 0.6996197718631179,
      "dur": 0.6996197718631179,
      "members": [
        "e0001#2",
        "e0002#2",
        "e0003#2",
        "e0004#2"
      ],
      "text": "basketball player pass",
      "s_abs": 0.0,
      "e_abs": 6.133333333333334,
      "dur_abs": 6.133333333333334
    },
    {
      "id": "m0003",
      "s": 0.6996197718631179,
      "e": 1.0,
      "dur": 0.30038022813688214,
      "members": [
        "e0005#1"
      ],
      "text": "Braun run down the court",
      "s_abs": 6.133333333333334,
      "e_abs": 8.766666666666667,
      "dur_abs": 2.6333333333333337
    },
    {
      "id": "m0004",
      "s": 0.6996197718631179,
      "e": 1.0,
      "dur": 0.30038022813688214,
      "members": [
        "e0005#2"
      ],
      "text": "crowd cheers",
      "s_abs": 6.133333333333334,
      "e_abs": 8.766666666666667,
      "dur_abs": 2.6333333333333337
    }
  ],
  "meta": {
    "lane": "ref",
    "key": "ref4d_0513",
    "mode": "micro",
    "merge_config": {
      "tau_sem": 0.96,
      "gap_abs_sec": 1.01,
      "gap_norm_fallback": 0.1,
      "min_duration_norm": 0.0
    },
    "stats": {
      "num_input_items": 10,
      "num_kept_items": 10,
      "num_clusters": 4
    },
    "provenance": {
      "source_hash": "1664664910d6"
    }
  }
}