{
  "events": [
    {
      "id": "m0001",
      "s": 0.0,
      "e": 0.127208480565371,
      "dur": 0.127208480565371,
      "members": [
        "e0001#2"
      ],
      "text": "person walk on grass",
      "s_abs": 0.0,
      "e_abs": 1.2,
      "dur_abs": 1.2
    },
    {
      "id": "m0002",
      "s": 0.0,
      "e": 0.823321554770318,
      "dur": 0.823321554770318,
      "members": [
        "e0001#1",
        "e0002#1",
        "e0003#1",
        "e0004#1",
        "e0005#1"
      ],
      "text": "person run on track",
      "s_abs": 0.0,
      "e_abs": 7.766666666666667,
      "dur_abs": 7.766666666666667
    },
    {
      "id": "m0003",
      "s": 0.5689045936395759,
      "e": 0.823321554770318,
      "dur": 0.2544169611307421,
      "members": [
        "e0005#2"
      ],
      "text": "person sit on ground",
      "s_abs": 5.366666666666666,
      "e_abs": 7.766666666666667,
      "dur_abs": 2.4000000000000004
    },
    {
      "id": "m0004",
      "s": 0.823321554770318,
      "e": 1.0,
      "dur": 0.176678445229682,
      "members": [
        "e0006#1"
      ],
      "text": "person walk",
      "s_abs": 7.766666666666667,
      "e_abs": 9.433333333333334,
      "dur_abs": 1.666666666666667
    }
  ],
  "meta": {
    "lane": "ref",
    "key": "ref4d_0459",
    "mode": "micro",
    "merge_config": {
      "tau_sem": 0.96,
      "gap_abs_sec": 1.01,
      "gap_norm_fallback": 0.1,
      "min_duration_norm": 0.0
    },
    "stats": {
      "num_input_items": 8,
      "num_kept_items": 8,
      "num_clusters": 4
    },
    "provenance": {
      "source_hash": "c0f496d4d056"
    }
  }
}