{
  "events": [
    {
      "id": "m0001",
      "s": 0.0,
      "e": 0.1958762886597938,
      "dur": 0.1958762886597938,
      "members": [
        "e0001#2"
      ],
      "text": "knife cut",
      "s_abs": 0.0,
      "e_abs": 1.9,
      "dur_abs": 1.9
    },
    {
      "id": "m0002",
      "s": 0.0,
      "e": 1.0,
      "dur": 1.0,
      "members": [
        "e0001#1",
        "e0002#1",
        "e0002#2",
        "e0003#1",
        "e0004#1",
        "e0005#1",
        "e0006#1",
        "e0007#1"
      ],
      "text": "steak slice",
      "s_abs": 0.0,
      "e_abs": 9.7,
      "dur_abs": 9.7
    },
    {
      "id": "m0003",
      "s": 0.3230240549828179,
      "e": 1.0,
      "dur": 0.6769759450171822,
      "members": [
        "e0003#2",
        "e0004#2",
        "e0005#2",
        "e0006#2",
        "e0007#2"
      ],
      "text": "knife cut",
      "s_abs": 3.1333333333333333,
      "e_abs": 9.7,
      "dur_abs": 6.566666666666666
    }
  ],
  "meta": {
    "lane": "ref",
    "key": "ref4d_0220",
    "mode": "micro",
    "merge_config": {
      "tau_sem": 0.96,
      "gap_abs_sec": 1.01,
      "gap_norm_fallback": 0.1,
      "min_duration_norm": 0.0
    },
    "stats": {
      "num_input_items": 14,
      "num_kept_items": 14,
      "num_clusters": 3
    },
    "provenance": {
      "source_hash": "78226d452318"
    }
  }
}