{
  "events": [
    {
      "id": "m0001",
      "s": 0.0,
      "e": 0.17312072892938496,
      "dur": 0.17312072892938496,
      "members": [
        "e0001#1"
      ],
      "text": "ant crawl on finger",
      "s_abs": 0.0,
      "e_abs": 2.533333333333333,
      "dur_abs": 2.533333333333333
    },
    {
      "id": "m0002",
      "s": 0.17312072892938496,
      "e": 0.4988610478359909,
      "dur": 0.32574031890660593,
      "members": [
        "e0002#1",
        "e0003#1",
        "e0004#1"
      ],
      "text": "ant crawl on surface",
      "s_abs": 2.533333333333333,
      "e_abs": 7.3,
      "dur_abs": 4.766666666666667
    },
    {
      "id": "m0003",
      "s": 0.17312072892938496,
      "e": 1.0,
      "dur": 0.826879271070615,
      "members": [
        "e0002#2",
        "e0003#2",
        "e0004#2",
        "e0005#1",
        "e0006#1"
      ],
      "text": "ant move",
      "s_abs": 2.533333333333333,
      "e_abs": 14.633333333333333,
      "dur_abs": 12.1
    }
  ],
  "meta": {
    "lane": "ref",
    "key": "ref4d_0047",
    "mode": "micro",
    "merge_config": {
      "tau_sem": 0.96,
      "gap_abs_sec": 1.01,
      "gap_norm_fallback": 0.1,
      "min_duration_norm": 0.0
    },
    "stats": {
      "num_input_items": 9,
      "num_kept_items": 9,
      "num_clusters": 3
    },
    "provenance": {
      "source_hash": "b987ffac4832"
    }
  }
}