{
  "events": [
    {
      "id": "m0001",
      "s": 0.0,
      "e": 0.6850828729281768,
      "dur": 0.6850828729281768,
      "members": [
        "e0001#1",
        "e0001#2",
        "e0002#1",
        "e0002#2",
        "e0003#1",
        "e0003#2"
      ],
      "text": "crane lift bucket",
      "s_abs": 0.0,
      "e_abs": 4.133333333333334,
      "dur_abs": 4.133333333333334
    },
    {
      "id": "m0002",
      "s": 0.6850828729281768,
      "e": 1.0,
      "dur": 0.3149171270718232,
      "members": [
        "e0004#1"
      ],
      "text": "crane lift coal",
      "s_abs": 4.133333333333334,
      "e_abs": 6.033333333333333,
      "dur_abs": 1.8999999999999995
    },
    {
      "id": "m0003",
      "s": 0.6850828729281768,
      "e": 1.0,
      "dur": 0.3149171270718232,
      "members": [
        "e0004#2"
      ],
      "text": "coal fall into train car",
      "s_abs": 4.133333333333334,
      "e_abs": 6.033333333333333,
      "dur_abs": 1.8999999999999995
    }
  ],
  "meta": {
    "lane": "ref",
    "key": "ref4d_0278",
    "mode": "micro",
    "merge_config": {
      "tau_sem": 0.96,
      "gap_abs_sec": 1.01,
      "gap_norm_fallback": 0.1,
      "min_duration_norm": 0.0
    },
    "stats": {
      "num_input_items": 8,
      "num_kept_items": 8,
      "num_clusters": 3
    },
    "provenance": {
      "source_hash": "87098720df99"
    }
  }
}