{
  "events": [
    {
      "id": "m0001",
      "s": 0.0,
      "e": 0.788235294117647,
      "dur": 0.788235294117647,
      "members": [
        "e0001#1",
        "e0002#1"
      ],
      "text": "kitchen table set",
      "s_abs": 0.0,
      "e_abs": 4.466666666666667,
      "dur_abs": 4.466666666666667
    },
    {
      "id": "m0002",
      "s": 0.0,
      "e": 0.788235294117647,
      "dur": 0.788235294117647,
      "members": [
        "e0001#2",
        "e0002#2"
      ],
      "text": "chairs move",
      "s_abs": 0.0,
      "e_abs": 4.466666666666667,
      "dur_abs": 4.466666666666667
    },
    {
      "id": "m0003",
      "s": 0.788235294117647,
      "e": 1.0,
      "dur": 0.21176470588235297,
      "members": [
        "e0003#1"
      ],
      "text": "kitchen is empty",
      "s_abs": 4.466666666666667,
      "e_abs": 5.666666666666667,
      "dur_abs": 1.2000000000000002
    }
  ],
  "meta": {
    "lane": "ref",
    "key": "ref4d_0122",
    "mode": "micro",
    "merge_config": {
      "tau_sem": 0.96,
      "gap_abs_sec": 1.01,
      "gap_norm_fallback": 0.1,
      "min_duration_norm": 0.0
    },
    "stats": {
      "num_input_items": 5,
      "num_kept_items": 5,
      "num_clusters": 3
    },
    "provenance": {
      "source_hash": "6dfb8c0c99c7"
    }
  }
}