{
  "events": [
    {
      "id": "m0001",
      "s": 0.0,
      "e": 0.1376518218623482,
      "dur": 0.1376518218623482,
      "members": [
        "e0001#2"
      ],
      "text": "person hold onto rope",
      "s_abs": 0.0,
      "e_abs": 1.1333333333333333,
      "dur_abs": 1.1333333333333333
    },
    {
      "id": "m0002",
      "s": 0.0,
      "e": 1.0,
      "dur": 1.0,
      "members": [
        "e0001#1",
        "e0002#1",
        "e0003#1",
        "e0004#1",
        "e0005#1"
      ],
      "text": "person climb wall",
      "s_abs": 0.0,
      "e_abs": 8.233333333333333,
      "dur_abs": 8.233333333333333
    },
    {
      "id": "m0003",
      "s": 0.1376518218623482,
      "e": 0.3441295546558705,
      "dur": 0.20647773279352227,
      "members": [
        "e0002#2"
      ],
      "text": "person hold onto rock",
      "s_abs": 1.1333333333333333,
      "e_abs": 2.8333333333333335,
      "dur_abs": 1.7000000000000002
    },
    {
      "id": "m0004",
      "s": 0.3441295546558705,
      "e": 1.0,
      "dur": 0.6558704453441295,
      "members": [
        "e0003#2",
        "e0004#2",
        "e0005#2"
      ],
      "text": "person hold onto rope",
      "s_abs": 2.8333333333333335,
      "e_abs": 8.233333333333333,
      "dur_abs": 5.399999999999999
    }
  ],
  "meta": {
    "lane": "ref",
    "key": "ref4d_0504",
    "mode": "micro",
    "merge_config": {
      "tau_sem": 0.96,
      "gap_abs_sec": 1.01,
      "gap_norm_fallback": 0.1,
      "min_duration_norm": 0.0
    },
    "stats": {
      "num_input_items": 10,
      "num_kept_items": 10,
      "num_clusters": 4
    },
    "provenance": {
      "source_hash": "08314ca930af"
    }
  }
}