{
  "events": [
    {
      "id": "m0001",
      "s": 0.0,
      "e": 0.6590038314176245,
      "dur": 0.6590038314176245,
      "members": [
        "e0001#2",
        "e0002#2",
        "e0003#2"
      ],
      "text": "statue hold spear",
      "s_abs": 0.0,
      "e_abs": 5.733333333333333,
      "dur_abs": 5.733333333333333
    },
    {
      "id": "m0002",
      "s": 0.0,
      "e": 1.0,
      "dur": 1.0,
      "members": [
        "e0001#1",
        "e0002#1",
        "e0003#1",
        "e0004#1"
      ],
      "text": "statue stand",
      "s_abs": 0.0,
      "e_abs": 8.7,
      "dur_abs": 8.7
    },
    {
      "id": "m0003",
      "s": 0.6590038314176245,
      "e": 1.0,
      "dur": 0.34099616858237547,
      "members": [
        "e0004#2"
      ],
      "text": "statue sit",
      "s_abs": 5.733333333333333,
      "e_abs": 8.7,
      "dur_abs": 2.966666666666666
    }
  ],
  "meta": {
    "lane": "ref",
    "key": "ref4d_0137",
    "mode": "micro",
    "merge_config": {
      "tau_sem": 0.96,
      "gap_abs_sec": 1.01,
      "gap_norm_fallback": 0.1,
      "min_duration_norm": 0.0
    },
    "stats": {
      "num_input_items": 8,
      "num_kept_items": 8,
      "num_clusters": 3
    },
    "provenance": {
      "source_hash": "b3c6e4635952"
    }
  }
}