{
  "events": [
    {
      "id": "m0001",
      "s": 0.0,
      "e": 0.47859922178988323,
      "dur": 0.47859922178988323,
      "members": [
        "e0001#1",
        "e0001#2"
      ],
      "text": "person jump into water",
      "s_abs": 0.0,
      "e_abs": 4.1,
      "dur_abs": 4.1
    },
    {
      "id": "m0002",
      "s": 0.47859922178988323,
      "e": 1.0,
      "dur": 0.5214007782101168,
      "members": [
        "e0002#1",
        "e0003#1",
        "e0004#1"
      ],
      "text": "waterfall flow",
      "s_abs": 4.1,
      "e_abs": 8.566666666666666,
      "dur_abs": 4.466666666666667
    },
    {
      "id": "m0003",
      "s": 0.47859922178988323,
      "e": 1.0,
      "dur": 0.5214007782101168,
      "members": [
        "e0002#2",
        "e0003#2",
        "e0004#2"
      ],
      "text": "people swim in pool",
      "s_abs": 4.1,
      "e_abs": 8.566666666666666,
      "dur_abs": 4.466666666666667
    }
  ],
  "meta": {
    "lane": "ref",
    "key": "ref4d_0344",
    "mode": "micro",
    "merge_config": {
      "tau_sem": 0.96,
      "gap_abs_sec": 1.01,
      "gap_norm_fallback": 0.1,
      "min_duration_norm": 0.0
    },
    "stats": {
      "num_input_items": 8,
      "num_kept_items": 8,
      "num_clusters": 3
    },
    "provenance": {
      "source_hash": "d2e93b9f91fd"
    }
  }
}