{
  "events": [
    {
      "id": "m0001",
      "s": 0.0,
      "e": 0.4120879120879121,
      "dur": 0.4120879120879121,
      "members": [
        "e0001#2"
      ],
      "text": "bus move slowly",
      "s_abs": 0.0,
      "e_abs": 2.5,
      "dur_abs": 2.5
    },
    {
      "id": "m0002",
      "s": 0.0,
      "e": 0.7857142857142857,
      "dur": 0.7857142857142857,
      "members": [
        "e0001#1",
        "e0002#1"
      ],
      "text": "bus drive along road",
      "s_abs": 0.0,
      "e_abs": 4.766666666666667,
      "dur_abs": 4.766666666666667
    },
    {
      "id": "m0003",
      "s": 0.4120879120879121,
      "e": 1.0,
      "dur": 0.5879120879120878,
      "members": [
        "e0002#2",
        "e0003#1"
      ],
      "text": "car drive along street",
      "s_abs": 2.5,
      "e_abs": 6.066666666666666,
      "dur_abs": 3.5666666666666664
    },
    {
      "id": "m0004",
      "s": 0.7857142857142857,
      "e": 1.0,
      "dur": 0.2142857142857143,
      "members": [
        "e0003#2"
      ],
      "text": "pedestrian cross street",
      "s_abs": 4.766666666666667,
      "e_abs": 6.066666666666666,
      "dur_abs": 1.2999999999999998
    }
  ],
  "meta": {
    "lane": "ref",
    "key": "ref4d_0569",
    "mode": "micro",
    "merge_config": {
      "tau_sem": 0.96,
      "gap_abs_sec": 1.01,
      "gap_norm_fallback": 0.1,
      "min_duration_norm": 0.0
    },
    "stats": {
      "num_input_items": 6,
      "num_kept_items": 6,
      "num_clusters": 4
    },
    "provenance": {
      "source_hash": "7d46a58709ae"
    }
  }
}