{
  "events": [
    {
      "id": "m0001",
      "s": 0.0,
      "e": 0.14469453376205788,
      "dur": 0.14469453376205788,
      "members": [
        "e0001#2"
      ],
      "text": "truck drive through construction site",
      "s_abs": 0.0,
      "e_abs": 1.5,
      "dur_abs": 1.5
    },
    {
      "id": "m0002",
      "s": 0.0,
      "e": 1.0,
      "dur": 1.0,
      "members": [
        "e0001#1",
        "e0002#1",
        "e0003#1",
        "e0003#2",
        "e0004#1",
        "e0004#2",
        "e0005#1",
        "e0005#2",
        "e0006#1",
        "e0006#2"
      ],
      "text": "crane lift heavy object",
      "s_abs": 0.0,
      "e_abs": 10.366666666666667,
      "dur_abs": 10.366666666666667
    },
    {
      "id": "m0003",
      "s": 0.14469453376205788,
      "e": 0.3729903536977492,
      "dur": 0.2282958199356913,
      "members": [
        "e0002#2"
      ],
      "text": "truck drive",
      "s_abs": 1.5,
      "e_abs": 3.8666666666666667,
      "dur_abs": 2.3666666666666667
    }
  ],
  "meta": {
    "lane": "ref",
    "key": "ref4d_0257",
    "mode": "micro",
    "merge_config": {
      "tau_sem": 0.96,
      "gap_abs_sec": 1.01,
      "gap_norm_fallback": 0.1,
      "min_duration_norm": 0.0
    },
    "stats": {
      "num_input_items": 12,
      "num_kept_items": 12,
      "num_clusters": 3
    },
    "provenance": {
      "source_hash": "7da9fe132aa3"
    }
  }
}