{
  "events": [
    {
      "id": "m0001",
      "s": 0.0,
      "e": 1.0,
      "dur": 1.0,
      "members": [
        "e0001#1",
        "e0001#2",
        "e0002#1",
        "e0003#1"
      ],
      "text": "person hold rifle",
      "s_abs": 0.0,
      "e_abs": 8.366666666666667,
      "dur_abs": 8.366666666666667
    },
    {
      "id": "m0002",
      "s": 0.29083665338645415,
      "e": 0.4820717131474103,
      "dur": 0.19123505976095617,
      "members": [
        "e0002#2"
      ],
      "text": "person talk",
      "s_abs": 2.433333333333333,
      "e_abs": 4.033333333333333,
      "dur_abs": 1.6
    }
  ],
  "meta": {
    "lane": "ref",
    "key": "ref4d_0168",
    "mode": "micro",
    "merge_config": {
      "tau_sem": 0.96,
      "gap_abs_sec": 1.01,
      "gap_norm_fallback": 0.1,
      "min_duration_norm": 0.0
    },
    "stats": {
      "num_input_items": 5,
      "num_kept_items": 5,
      "num_clusters": 2
    },
    "provenance": {
      "source_hash": "a24b9c7241ce"
    }
  }
}