{
  "events": [
    {
      "id": "m0001",
      "s": 0.0,
      "e": 0.41796875000000006,
      "dur": 0.41796875000000006,
      "members": [
        "e0001#1",
        "e0002#1"
      ],
      "text": "steak grill",
      "s_abs": 0.0,
      "e_abs": 3.566666666666667,
      "dur_abs": 3.566666666666667
    },
    {
      "id": "m0002",
      "s": 0.0,
      "e": 0.41796875000000006,
      "dur": 0.41796875000000006,
      "members": [
        "e0001#2",
        "e0002#2",
        "e0002#3",
        "e0002#4"
      ],
      "text": "steak cook",
      "s_abs": 0.0,
      "e_abs": 3.566666666666667,
      "dur_abs": 3.566666666666667
    },
    {
      "id": "m0003",
      "s": 0.41796875000000006,
      "e": 1.0,
      "dur": 0.58203125,
      "members": [
        "e0003#1",
        "e0003#2",
        "e0004#1",
        "e0005#1"
      ],
      "text": "person press meat",
      "s_abs": 3.566666666666667,
      "e_abs": 8.533333333333333,
      "dur_abs": 4.966666666666667
    }
  ],
  "meta": {
    "lane": "ref",
    "key": "ref4d_0231",
    "mode": "micro",
    "merge_config": {
      "tau_sem": 0.96,
      "gap_abs_sec": 1.01,
      "gap_norm_fallback": 0.1,
      "min_duration_norm": 0.0
    },
    "stats": {
      "num_input_items": 10,
      "num_kept_items": 10,
      "num_clusters": 3
    },
    "provenance": {
      "source_hash": "c38ea749df19"
    }
  }
}