{
  "events": [
    {
      "id": "m0001",
      "s": 0.0,
      "e": 0.2094240837696335,
      "dur": 0.2094240837696335,
      "members": [
        "e0001#1"
      ],
      "text": "milling machine rotate",
      "s_abs": 0.0,
      "e_abs": 1.3333333333333333,
      "dur_abs": 1.3333333333333333
    },
    {
      "id": "m0002",
      "s": 0.0,
      "e": 0.2094240837696335,
      "dur": 0.2094240837696335,
      "members": [
        "e0001#2"
      ],
      "text": "metal piece move",
      "s_abs": 0.0,
      "e_abs": 1.3333333333333333,
      "dur_abs": 1.3333333333333333
    },
    {
      "id": "m0003",
      "s": 0.2094240837696335,
      "e": 1.0,
      "dur": 0.7905759162303665,
      "members": [
        "e0002#1",
        "e0003#1"
      ],
      "text": "no event",
      "s_abs": 1.3333333333333333,
      "e_abs": 6.366666666666666,
      "dur_abs": 5.033333333333333
    }
  ],
  "meta": {
    "lane": "ref",
    "key": "ref4d_0262",
    "mode": "micro",
    "merge_config": {
      "tau_sem": 0.96,
      "gap_abs_sec": 1.01,
      "gap_norm_fallback": 0.1,
      "min_duration_norm": 0.0
    },
    "stats": {
      "num_input_items": 4,
      "num_kept_items": 4,
      "num_clusters": 3
    },
    "provenance": {
      "source_hash": "6e390707ec46"
    }
  }
}