{
  "events": [
    {
      "id": "m0001",
      "s": 0.0,
      "e": 0.7758620689655172,
      "dur": 0.7758620689655172,
      "members": [
        "e0001#1",
        "e0002#1"
      ],
      "text": "sushi sit on plate",
      "s_abs": 0.0,
      "e_abs": 4.5,
      "dur_abs": 4.5
    },
    {
      "id": "m0002",
      "s": 0.3505747126436782,
      "e": 0.7758620689655172,
      "dur": 0.42528735632183906,
      "members": [
        "e0002#2"
      ],
      "text": "green lettuce sit on plate",
      "s_abs": 2.033333333333333,
      "e_abs": 4.5,
      "dur_abs": 2.466666666666667
    },
    {
      "id": "m0003",
      "s": 0.7758620689655172,
      "e": 1.0,
      "dur": 0.22413793103448276,
      "members": [
        "e0003#1"
      ],
      "text": "sliced meat sit on plate",
      "s_abs": 4.5,
      "e_abs": 5.8,
      "dur_abs": 1.2999999999999998
    }
  ],
  "meta": {
    "lane": "ref",
    "key": "ref4d_0198",
    "mode": "micro",
    "merge_config": {
      "tau_sem": 0.96,
      "gap_abs_sec": 1.01,
      "gap_norm_fallback": 0.1,
      "min_duration_norm": 0.0
    },
    "stats": {
      "num_input_items": 4,
      "num_kept_items": 4,
      "num_clusters": 3
    },
    "provenance": {
      "source_hash": "ec23f044fcd1"
    }
  }
}