{
  "events": [
    {
      "id": "m0001",
      "s": 0.0,
      "e": 0.4559585492227979,
      "dur": 0.4559585492227979,
      "members": [
        "e0001#2",
        "e0002#2"
      ],
      "text": "train pass under bridge",
      "s_abs": 0.0,
      "e_abs": 2.933333333333333,
      "dur_abs": 2.933333333333333
    },
    {
      "id": "m0002",
      "s": 0.0,
      "e": 1.0,
      "dur": 1.0,
      "members": [
        "e0001#1",
        "e0002#1",
        "e0003#1",
        "e0004#1"
      ],
      "text": "train move along track",
      "s_abs": 0.0,
      "e_abs": 6.433333333333334,
      "dur_abs": 6.433333333333334
    },
    {
      "id": "m0003",
      "s": 0.4559585492227979,
      "e": 1.0,
      "dur": 0.5440414507772021,
      "members": [
        "e0003#2",
        "e0004#2"
      ],
      "text": "people ride in train",
      "s_abs": 2.933333333333333,
      "e_abs": 6.433333333333334,
      "dur_abs": 3.5000000000000004
    }
  ],
  "meta": {
    "lane": "ref",
    "key": "ref4d_0543",
    "mode": "micro",
    "merge_config": {
      "tau_sem": 0.96,
      "gap_abs_sec": 1.01,
      "gap_norm_fallback": 0.1,
      "min_duration_norm": 0.0
    },
    "stats": {
      "num_input_items": 8,
      "num_kept_items": 8,
      "num_clusters": 3
    },
    "provenance": {
      "source_hash": "9a4fe99a49e0"
    }
  }
}