{
  "events": [
    {
      "id": "m0001",
      "s": 0.0,
      "e": 0.8327526132404182,
      "dur": 0.8327526132404182,
      "members": [
        "e0001#1",
        "e0002#1",
        "e0003#1",
        "e0004#1"
      ],
      "text": "person sit on stool",
      "s_abs": 0.0,
      "e_abs": 7.966666666666667,
      "dur_abs": 7.966666666666667
    },
    {
      "id": "m0002",
      "s": 0.0,
      "e": 0.8327526132404182,
      "dur": 0.8327526132404182,
      "members": [
        "e0001#2",
        "e0002#2",
        "e0003#2",
        "e0004#2"
      ],
      "text": "person talk",
      "s_abs": 0.0,
      "e_abs": 7.966666666666667,
      "dur_abs": 7.966666666666667
    },
    {
      "id": "m0003",
      "s": 0.8327526132404182,
      "e": 1.0,
      "dur": 0.16724738675958184,
      "members": [
        "e0005#1"
      ],
      "text": "man sit",
      "s_abs": 7.966666666666667,
      "e_abs": 9.566666666666666,
      "dur_abs": 1.5999999999999996
    },
    {
      "id": "m0004",
      "s": 0.8327526132404182,
      "e": 1.0,
      "dur": 0.16724738675958184,
      "members": [
        "e0005#2"
      ],
      "text": "man talk",
      "s_abs": 7.966666666666667,
      "e_abs": 9.566666666666666,
      "dur_abs": 1.5999999999999996
    }
  ],
  "meta": {
    "lane": "ref",
    "key": "ref4d_0398",
    "mode": "micro",
    "merge_config": {
      "tau_sem": 0.96,
      "gap_abs_sec": 1.01,
      "gap_norm_fallback": 0.1,
      "min_duration_norm": 0.0
    },
    "stats": {
      "num_input_items": 10,
      "num_kept_items": 10,
      "num_clusters": 4
    },
    "provenance": {
      "source_hash": "c536c581d66c"
    }
  }
}