{
  "events": [
    {
      "id": "m0001",
      "s": 0.0,
      "e": 0.30434782608695654,
      "dur": 0.30434782608695654,
      "members": [
        "e0001#2"
      ],
      "text": "person enter plane",
      "s_abs": 0.0,
      "e_abs": 2.1,
      "dur_abs": 2.1
    },
    {
      "id": "m0002",
      "s": 0.0,
      "e": 1.0,
      "dur": 1.0,
      "members": [
        "e0001#1",
        "e0002#1",
        "e0003#1",
        "e0004#1"
      ],
      "text": "person climb stairs",
      "s_abs": 0.0,
      "e_abs": 6.9,
      "dur_abs": 6.9
    },
    {
      "id": "m0003",
      "s": 0.30434782608695654,
      "e": 0.6473429951690821,
      "dur": 0.3429951690821256,
      "members": [
        "e0002#2"
      ],
      "text": "person hold briefcase",
      "s_abs": 2.1,
      "e_abs": 4.466666666666667,
      "dur_abs": 2.3666666666666667
    },
    {
      "id": "m0004",
      "s": 0.6473429951690821,
      "e": 1.0,
      "dur": 0.3526570048309179,
      "members": [
        "e0003#2",
        "e0004#2"
      ],
      "text": "person enter airplane",
      "s_abs": 4.466666666666667,
      "e_abs": 6.9,
      "dur_abs": 2.4333333333333336
    }
  ],
  "meta": {
    "lane": "ref",
    "key": "ref4d_0565",
    "mode": "micro",
    "merge_config": {
      "tau_sem": 0.96,
      "gap_abs_sec": 1.01,
      "gap_norm_fallback": 0.1,
      "min_duration_norm": 0.0
    },
    "stats": {
      "num_input_items": 8,
      "num_kept_items": 8,
      "num_clusters": 4
    },
    "provenance": {
      "source_hash": "5aab3665475a"
    }
  }
}