{
  "events": [
    {
      "id": "m0001",
      "s": 0.0,
      "e": 0.3494623655913978,
      "dur": 0.3494623655913978,
      "members": [
        "e0001#1",
        "e0001#2"
      ],
      "text": "building light up",
      "s_abs": 0.0,
      "e_abs": 2.1666666666666665,
      "dur_abs": 2.1666666666666665
    },
    {
      "id": "m0002",
      "s": 0.3494623655913978,
      "e": 0.7258064516129032,
      "dur": 0.37634408602150543,
      "members": [
        "e0002#2"
      ],
      "text": "person sit on grass",
      "s_abs": 2.1666666666666665,
      "e_abs": 4.5,
      "dur_abs": 2.3333333333333335
    },
    {
      "id": "m0003",
      "s": 0.3494623655913978,
      "e": 1.0,
      "dur": 0.6505376344086022,
      "members": [
        "e0002#1",
        "e0003#1"
      ],
      "text": "person walk on sidewalk",
      "s_abs": 2.1666666666666665,
      "e_abs": 6.2,
      "dur_abs": 4.033333333333333
    },
    {
      "id": "m0004",
      "s": 0.7258064516129032,
      "e": 1.0,
      "dur": 0.27419354838709675,
      "members": [
        "e0003#2"
      ],
      "text": "person sit on bench",
      "s_abs": 4.5,
      "e_abs": 6.2,
      "dur_abs": 1.7000000000000002
    }
  ],
  "meta": {
    "lane": "ref",
    "key": "ref4d_0133",
    "mode": "micro",
    "merge_config": {
      "tau_sem": 0.96,
      "gap_abs_sec": 1.01,
      "gap_norm_fallback": 0.1,
      "min_duration_norm": 0.0
    },
    "stats": {
      "num_input_items": 6,
      "num_kept_items": 6,
      "num_clusters": 4
    },
    "provenance": {
      "source_hash": "3f156df1ffc1"
    }
  }
}