{
  "events": [
    {
      "id": "m0001",
      "s": 0.0,
      "e": 0.40476190476190477,
      "dur": 0.40476190476190477,
      "members": [
        "e0001#1",
        "e0001#2",
        "e0002#2"
      ],
      "text": "person stand on snow",
      "s_abs": 0.0,
      "e_abs": 3.966666666666667,
      "dur_abs": 3.966666666666667
    },
    {
      "id": "m0002",
      "s": 0.2789115646258503,
      "e": 1.0,
      "dur": 0.7210884353741497,
      "members": [
        "e0002#1",
        "e0003#1"
      ],
      "text": "person stand on mountain",
      "s_abs": 2.7333333333333334,
      "e_abs": 9.8,
      "dur_abs": 7.066666666666667
    },
    {
      "id": "m0003",
      "s": 0.40476190476190477,
      "e": 1.0,
      "dur": 0.5952380952380952,
      "members": [
        "e0003#2"
      ],
      "text": "person walk down mountain",
      "s_abs": 3.966666666666667,
      "e_abs": 9.8,
      "dur_abs": 5.833333333333334
    }
  ],
  "meta": {
    "lane": "ref",
    "key": "ref4d_0342",
    "mode": "micro",
    "merge_config": {
      "tau_sem": 0.96,
      "gap_abs_sec": 1.01,
      "gap_norm_fallback": 0.1,
      "min_duration_norm": 0.0
    },
    "stats": {
      "num_input_items": 6,
      "num_kept_items": 6,
      "num_clusters": 3
    },
    "provenance": {
      "source_hash": "c2a0cf1de2d9"
    }
  }
}