{
  "events": [
    {
      "id": "m0001",
      "s": 0.0,
      "e": 0.38610038610038616,
      "dur": 0.38610038610038616,
      "members": [
        "e0001#1"
      ],
      "text": "owl blink eyes",
      "s_abs": 0.0,
      "e_abs": 3.3333333333333335,
      "dur_abs": 3.3333333333333335
    },
    {
      "id": "m0002",
      "s": 0.0,
      "e": 0.38610038610038616,
      "dur": 0.38610038610038616,
      "members": [
        "e0001#2"
      ],
      "text": "owl look around",
      "s_abs": 0.0,
      "e_abs": 3.3333333333333335,
      "dur_abs": 3.3333333333333335
    },
    {
      "id": "m0003",
      "s": 0.38610038610038616,
      "e": 0.555984555984556,
      "dur": 0.16988416988416982,
      "members": [
        "e0002#1"
      ],
      "text": "owl sit",
      "s_abs": 3.3333333333333335,
      "e_abs": 4.8,
      "dur_abs": 1.4666666666666663
    },
    {
      "id": "m0004",
      "s": 0.555984555984556,
      "e": 1.0,
      "dur": 0.444015444015444,
      "members": [
        "e0003#1",
        "e0004#1"
      ],
      "text": "owl blink",
      "s_abs": 4.8,
      "e_abs": 8.633333333333333,
      "dur_abs": 3.833333333333333
    }
  ],
  "meta": {
    "lane": "ref",
    "key": "ref4d_0034",
    "mode": "micro",
    "merge_config": {
      "tau_sem": 0.96,
      "gap_abs_sec": 1.01,
      "gap_norm_fallback": 0.1,
      "min_duration_norm": 0.0
    },
    "stats": {
      "num_input_items": 5,
      "num_kept_items": 5,
      "num_clusters": 4
    },
    "provenance": {
      "source_hash": "c684fe2e5c92"
    }
  }
}