{
  "events": [
    {
      "id": "m0001",
      "s": 0.0,
      "e": 0.3676092544987146,
      "dur": 0.3676092544987146,
      "members": [
        "e0001#2",
        "e0002#2",
        "e0003#2"
      ],
      "text": "elephant stand",
      "s_abs": 0.0,
      "e_abs": 4.766666666666667,
      "dur_abs": 4.766666666666667
    },
    {
      "id": "m0002",
      "s": 0.0,
      "e": 1.0,
      "dur": 1.0,
      "members": [
        "e0001#1",
        "e0002#1",
        "e0003#1",
        "e0004#2",
        "e0005#2",
        "e0006#2",
        "e0007#1",
        "e0008#2",
        "e0009#2"
      ],
      "text": "elephant drink water",
      "s_abs": 0.0,
      "e_abs": 12.966666666666667,
      "dur_abs": 12.966666666666667
    },
    {
      "id": "m0003",
      "s": 0.3676092544987146,
      "e": 1.0,
      "dur": 0.6323907455012854,
      "members": [
        "e0004#1",
        "e0005#1",
        "e0006#1",
        "e0007#2",
        "e0008#1",
        "e0009#1"
      ],
      "text": "elephant walk",
      "s_abs": 4.766666666666667,
      "e_abs": 12.966666666666667,
      "dur_abs": 8.2
    }
  ],
  "meta": {
    "lane": "ref",
    "key": "ref4d_0029",
    "mode": "micro",
    "merge_config": {
      "tau_sem": 0.96,
      "gap_abs_sec": 1.01,
      "gap_norm_fallback": 0.1,
      "min_duration_norm": 0.0
    },
    "stats": {
      "num_input_items": 18,
      "num_kept_items": 18,
      "num_clusters": 3
    },
    "provenance": {
      "source_hash": "d123cd245d7b"
    }
  }
}