{
  "events": [
    {
      "id": "m0001",
      "s": 0.0,
      "e": 0.3214285714285714,
      "dur": 0.3214285714285714,
      "members": [
        "e0001#1"
      ],
      "text": "child run",
      "s_abs": 0.0,
      "e_abs": 2.4,
      "dur_abs": 2.4
    },
    {
      "id": "m0002",
      "s": 0.3214285714285714,
      "e": 0.7499999999999999,
      "dur": 0.4285714285714285,
      "members": [
        "e0002#2",
        "e0003#2"
      ],
      "text": "girl stop",
      "s_abs": 2.4,
      "e_abs": 5.6,
      "dur_abs": 3.1999999999999997
    },
    {
      "id": "m0003",
      "s": 0.3214285714285714,
      "e": 1.0,
      "dur": 0.6785714285714286,
      "members": [
        "e0002#1",
        "e0003#1",
        "e0004#1"
      ],
      "text": "girl run",
      "s_abs": 2.4,
      "e_abs": 7.466666666666667,
      "dur_abs": 5.066666666666666
    },
    {
      "id": "m0004",
      "s": 0.7499999999999999,
      "e": 1.0,
      "dur": 0.2500000000000001,
      "members": [
        "e0004#2"
      ],
      "text": "girl walk",
      "s_abs": 5.6,
      "e_abs": 7.466666666666667,
      "dur_abs": 1.8666666666666671
    }
  ],
  "meta": {
    "lane": "ref",
    "key": "ref4d_0425",
    "mode": "micro",
    "merge_config": {
      "tau_sem": 0.96,
      "gap_abs_sec": 1.01,
      "gap_norm_fallback": 0.1,
      "min_duration_norm": 0.0
    },
    "stats": {
      "num_input_items": 7,
      "num_kept_items": 7,
      "num_clusters": 4
    },
    "provenance": {
      "source_hash": "e991e7fd084a"
    }
  }
}