{
  "events": [
    {
      "id": "m0001",
      "s": 0.0,
      "e": 0.3347457627118644,
      "dur": 0.3347457627118644,
      "members": [
        "e0001#1",
        "e0001#2"
      ],
      "text": "person hold box",
      "s_abs": 0.0,
      "e_abs": 2.6333333333333333,
      "dur_abs": 2.6333333333333333
    },
    {
      "id": "m0002",
      "s": 0.3347457627118644,
      "e": 1.0,
      "dur": 0.6652542372881356,
      "members": [
        "e0002#1",
        "e0002#2",
        "e0003#1",
        "e0003#2",
        "e0004#1",
        "e0005#1"
      ],
      "text": "person touch phone",
      "s_abs": 2.6333333333333333,
      "e_abs": 7.866666666666666,
      "dur_abs": 5.2333333333333325
    },
    {
      "id": "m0003",
      "s": 0.7076271186440678,
      "e": 0.8601694915254238,
      "dur": 0.15254237288135597,
      "members": [
        "e0004#2"
      ],
      "text": "person rotate phone",
      "s_abs": 5.566666666666666,
      "e_abs": 6.766666666666667,
      "dur_abs": 1.2000000000000002
    },
    {
      "id": "m0004",
      "s": 0.8601694915254238,
      "e": 1.0,
      "dur": 0.13983050847457623,
      "members": [
        "e0005#2"
      ],
      "text": "person press button",
      "s_abs": 6.766666666666667,
      "e_abs": 7.866666666666666,
      "dur_abs": 1.0999999999999996
    }
  ],
  "meta": {
    "lane": "ref",
    "key": "ref4d_0178",
    "mode": "micro",
    "merge_config": {
      "tau_sem": 0.96,
      "gap_abs_sec": 1.01,
      "gap_norm_fallback": 0.1,
      "min_duration_norm": 0.0
    },
    "stats": {
      "num_input_items": 10,
      "num_kept_items": 10,
      "num_clusters": 4
    },
    "provenance": {
      "source_hash": "61c335f6808e"
    }
  }
}