{
  "events": [
    {
      "id": "m0001",
      "s": 0.0,
      "e": 0.47572815533980584,
      "dur": 0.47572815533980584,
      "members": [
        "e0001#1",
        "e0002#1"
      ],
      "text": "train stop",
      "s_abs": 0.0,
      "e_abs": 3.2666666666666666,
      "dur_abs": 3.2666666666666666
    },
    {
      "id": "m0002",
      "s": 0.0,
      "e": 0.47572815533980584,
      "dur": 0.47572815533980584,
      "members": [
        "e0001#2",
        "e0002#2"
      ],
      "text": "train wait",
      "s_abs": 0.0,
      "e_abs": 3.2666666666666666,
      "dur_abs": 3.2666666666666666
    },
    {
      "id": "m0003",
      "s": 0.47572815533980584,
      "e": 1.0,
      "dur": 0.5242718446601942,
      "members": [
        "e0003#1"
      ],
      "text": "train move forward",
      "s_abs": 3.2666666666666666,
      "e_abs": 6.866666666666666,
      "dur_abs": 3.5999999999999996
    },
    {
      "id": "m0004",
      "s": 0.47572815533980584,
      "e": 1.0,
      "dur": 0.5242718446601942,
      "members": [
        "e0003#2"
      ],
      "text": "train pass by",
      "s_abs": 3.2666666666666666,
      "e_abs": 6.866666666666666,
      "dur_abs": 3.5999999999999996
    }
  ],
  "meta": {
    "lane": "ref",
    "key": "ref4d_0587",
    "mode": "micro",
    "merge_config": {
      "tau_sem": 0.96,
      "gap_abs_sec": 1.01,
      "gap_norm_fallback": 0.1,
      "min_duration_norm": 0.0
    },
    "stats": {
      "num_input_items": 6,
      "num_kept_items": 6,
      "num_clusters": 4
    },
    "provenance": {
      "source_hash": "9554542033d9"
    }
  }
}