{
  "events": [
    {
      "id": "m0001",
      "s": 0.0,
      "e": 0.28703703703703703,
      "dur": 0.28703703703703703,
      "members": [
        "e0001#2"
      ],
      "text": "penguin flap wings",
      "s_abs": 0.0,
      "e_abs": 2.066666666666667,
      "dur_abs": 2.066666666666667
    },
    {
      "id": "m0002",
      "s": 0.0,
      "e": 1.0,
      "dur": 1.0,
      "members": [
        "e0001#1",
        "e0002#1",
        "e0003#1",
        "e0004#1",
        "e0005#1"
      ],
      "text": "penguin walk",
      "s_abs": 0.0,
      "e_abs": 7.2,
      "dur_abs": 7.2
    },
    {
      "id": "m0003",
      "s": 0.28703703703703703,
      "e": 0.7685185185185185,
      "dur": 0.48148148148148145,
      "members": [
        "e0002#2",
        "e0003#2",
        "e0004#2"
      ],
      "text": "penguin run",
      "s_abs": 2.066666666666667,
      "e_abs": 5.533333333333333,
      "dur_abs": 3.4666666666666663
    },
    {
      "id": "m0004",
      "s": 0.7685185185185185,
      "e": 1.0,
      "dur": 0.2314814814814815,
      "members": [
        "e0005#2"
      ],
      "text": "penguin stand",
      "s_abs": 5.533333333333333,
      "e_abs": 7.2,
      "dur_abs": 1.666666666666667
    }
  ],
  "meta": {
    "lane": "ref",
    "key": "ref4d_0058",
    "mode": "micro",
    "merge_config": {
      "tau_sem": 0.96,
      "gap_abs_sec": 1.01,
      "gap_norm_fallback": 0.1,
      "min_duration_norm": 0.0
    },
    "stats": {
      "num_input_items": 10,
      "num_kept_items": 10,
      "num_clusters": 4
    },
    "provenance": {
      "source_hash": "6201b0ca71bf"
    }
  }
}