{
  "events": [
    {
      "id": "m0001",
      "s": 0.0,
      "e": 0.4097560975609756,
      "dur": 0.4097560975609756,
      "members": [
        "e0001#1"
      ],
      "text": "person sit on bean bag",
      "s_abs": 0.0,
      "e_abs": 2.8,
      "dur_abs": 2.8
    },
    {
      "id": "m0002",
      "s": 0.0,
      "e": 0.4097560975609756,
      "dur": 0.4097560975609756,
      "members": [
        "e0001#2"
      ],
      "text": "person stand up",
      "s_abs": 0.0,
      "e_abs": 2.8,
      "dur_abs": 2.8
    },
    {
      "id": "m0003",
      "s": 0.4097560975609756,
      "e": 1.0,
      "dur": 0.5902439024390245,
      "members": [
        "e0002#1"
      ],
      "text": "boat sail",
      "s_abs": 2.8,
      "e_abs": 6.833333333333333,
      "dur_abs": 4.033333333333333
    },
    {
      "id": "m0004",
      "s": 0.4097560975609756,
      "e": 1.0,
      "dur": 0.5902439024390245,
      "members": [
        "e0002#2"
      ],
      "text": "boat move",
      "s_abs": 2.8,
      "e_abs": 6.833333333333333,
      "dur_abs": 4.033333333333333
    }
  ],
  "meta": {
    "lane": "ref",
    "key": "ref4d_0349",
    "mode": "micro",
    "merge_config": {
      "tau_sem": 0.96,
      "gap_abs_sec": 1.01,
      "gap_norm_fallback": 0.1,
      "min_duration_norm": 0.0
    },
    "stats": {
      "num_input_items": 4,
      "num_kept_items": 4,
      "num_clusters": 4
    },
    "provenance": {
      "source_hash": "96a5473fc809"
    }
  }
}