{
  "events": [
    {
      "id": "m0001",
      "s": 0.0,
      "e": 1.0,
      "dur": 1.0,
      "members": [
        "e0001#1",
        "e0002#1",
        "e0003#1",
        "e0005#1"
      ],
      "text": "person hold pastry",
      "s_abs": 0.0,
      "e_abs": 5.233333333333333,
      "dur_abs": 5.233333333333333
    },
    {
      "id": "m0002",
      "s": 0.0,
      "e": 1.0,
      "dur": 1.0,
      "members": [
        "e0001#2",
        "e0002#2",
        "e0003#2",
        "e0005#2"
      ],
      "text": "person break pastry",
      "s_abs": 0.0,
      "e_abs": 5.233333333333333,
      "dur_abs": 5.233333333333333
    },
    {
      "id": "m0003",
      "s": 0.6942675159235668,
      "e": 0.8280254777070063,
      "dur": 0.13375796178343946,
      "members": [
        "e0004#1"
      ],
      "text": "person hold cookie",
      "s_abs": 3.6333333333333333,
      "e_abs": 4.333333333333333,
      "dur_abs": 0.6999999999999997
    },
    {
      "id": "m0004",
      "s": 0.6942675159235668,
      "e": 0.8280254777070063,
      "dur": 0.13375796178343946,
      "members": [
        "e0004#2"
      ],
      "text": "cookie break",
      "s_abs": 3.6333333333333333,
      "e_abs": 4.333333333333333,
      "dur_abs": 0.6999999999999997
    }
  ],
  "meta": {
    "lane": "ref",
    "key": "ref4d_0195",
    "mode": "micro",
    "merge_config": {
      "tau_sem": 0.96,
      "gap_abs_sec": 1.01,
      "gap_norm_fallback": 0.1,
      "min_duration_norm": 0.0
    },
    "stats": {
      "num_input_items": 10,
      "num_kept_items": 10,
      "num_clusters": 4
    },
    "provenance": {
      "source_hash": "cea578c6266d"
    }
  }
}