{
  "events": [
    {
      "id": "m0001",
      "s": 0.0,
      "e": 0.2138728323699422,
      "dur": 0.2138728323699422,
      "members": [
        "e0001#1"
      ],
      "text": "baby gorilla stand",
      "s_abs": 0.0,
      "e_abs": 1.2333333333333334,
      "dur_abs": 1.2333333333333334
    },
    {
      "id": "m0002",
      "s": 0.0,
      "e": 1.0,
      "dur": 1.0,
      "members": [
        "e0001#2",
        "e0002#1",
        "e0003#2",
        "e0004#1"
      ],
      "text": "baby gorilla look around",
      "s_abs": 0.0,
      "e_abs": 5.766666666666667,
      "dur_abs": 5.766666666666667
    },
    {
      "id": "m0003",
      "s": 0.2138728323699422,
      "e": 1.0,
      "dur": 0.7861271676300579,
      "members": [
        "e0002#2",
        "e0003#1",
        "e0004#2"
      ],
      "text": "adult gorilla sit",
      "s_abs": 1.2333333333333334,
      "e_abs": 5.766666666666667,
      "dur_abs": 4.533333333333333
    }
  ],
  "meta": {
    "lane": "ref",
    "key": "ref4d_0001",
    "mode": "micro",
    "merge_config": {
      "tau_sem": 0.96,
      "gap_abs_sec": 1.01,
      "gap_norm_fallback": 0.1,
      "min_duration_norm": 0.0
    },
    "stats": {
      "num_input_items": 8,
      "num_kept_items": 8,
      "num_clusters": 3
    },
    "provenance": {
      "source_hash": "de8ee5f45cc7"
    }
  }
}