{
  "events": [
    {
      "id": "m0001",
      "s": 0.0,
      "e": 0.7276119402985074,
      "dur": 0.7276119402985074,
      "members": [
        "e0001#1"
      ],
      "text": "truck drive away",
      "s_abs": 0.0,
      "e_abs": 6.5,
      "dur_abs": 6.5
    },
    {
      "id": "m0002",
      "s": 0.0,
      "e": 0.7276119402985074,
      "dur": 0.7276119402985074,
      "members": [
        "e0001#2"
      ],
      "text": "truck turn left",
      "s_abs": 0.0,
      "e_abs": 6.5,
      "dur_abs": 6.5
    },
    {
      "id": "m0003",
      "s": 0.7276119402985074,
      "e": 1.0,
      "dur": 0.2723880597014926,
      "members": [
        "e0002#1"
      ],
      "text": "truck drive along road",
      "s_abs": 6.5,
      "e_abs": 8.933333333333334,
      "dur_abs": 2.4333333333333336
    },
    {
      "id": "m0004",
      "s": 0.7276119402985074,
      "e": 1.0,
      "dur": 0.2723880597014926,
      "members": [
        "e0002#2"
      ],
      "text": "dust rise from tires",
      "s_abs": 6.5,
      "e_abs": 8.933333333333334,
      "dur_abs": 2.4333333333333336
    }
  ],
  "meta": {
    "lane": "ref",
    "key": "ref4d_0574",
    "mode": "micro",
    "merge_config": {
      "tau_sem": 0.96,
      "gap_abs_sec": 1.01,
      "gap_norm_fallback": 0.1,
      "min_duration_norm": 0.0
    },
    "stats": {
      "num_input_items": 4,
      "num_kept_items": 4,
      "num_clusters": 4
    },
    "provenance": {
      "source_hash": "2f8f775727c6"
    }
  }
}