{
  "events": [
    {
      "id": "m0001",
      "s": 0.0,
      "e": 0.34449760765550236,
      "dur": 0.34449760765550236,
      "members": [
        "e0001#2"
      ],
      "text": "hair dryer blow air",
      "s_abs": 0.0,
      "e_abs": 2.4,
      "dur_abs": 2.4
    },
    {
      "id": "m0002",
      "s": 0.0,
      "e": 0.6267942583732057,
      "dur": 0.6267942583732057,
      "members": [
        "e0001#1",
        "e0002#1"
      ],
      "text": "hair dryer turn on",
      "s_abs": 0.0,
      "e_abs": 4.366666666666666,
      "dur_abs": 4.366666666666666
    },
    {
      "id": "m0003",
      "s": 0.34449760765550236,
      "e": 1.0,
      "dur": 0.6555023923444976,
      "members": [
        "e0002#2",
        "e0003#1",
        "e0003#2"
      ],
      "text": "hair dryer spin",
      "s_abs": 2.4,
      "e_abs": 6.966666666666667,
      "dur_abs": 4.566666666666666
    }
  ],
  "meta": {
    "lane": "ref",
    "key": "ref4d_0182",
    "mode": "micro",
    "merge_config": {
      "tau_sem": 0.96,
      "gap_abs_sec": 1.01,
      "gap_norm_fallback": 0.1,
      "min_duration_norm": 0.0
    },
    "stats": {
      "num_input_items": 6,
      "num_kept_items": 6,
      "num_clusters": 3
    },
    "provenance": {
      "source_hash": "f730d473b3c1"
    }
  }
}