{
  "events": [
    {
      "id": "m0001",
      "s": 0.0,
      "e": 0.9121951219512195,
      "dur": 0.9121951219512195,
      "members": [
        "e0001#1",
        "e0002#1",
        "e0003#1",
        "e0004#1"
      ],
      "text": "train move along track",
      "s_abs": 0.0,
      "e_abs": 6.233333333333333,
      "dur_abs": 6.233333333333333
    },
    {
      "id": "m0002",
      "s": 0.9121951219512195,
      "e": 1.0,
      "dur": 0.08780487804878045,
      "members": [
        "e0005#1"
      ],
      "text": "train pass by",
      "s_abs": 6.233333333333333,
      "e_abs": 6.833333333333333,
      "dur_abs": 0.5999999999999996
    },
    {
      "id": "m0003",
      "s": 0.9121951219512195,
      "e": 1.0,
      "dur": 0.08780487804878045,
      "members": [
        "e0005#2"
      ],
      "text": "train stop",
      "s_abs": 6.233333333333333,
      "e_abs": 6.833333333333333,
      "dur_abs": 0.5999999999999996
    }
  ],
  "meta": {
    "lane": "ref",
    "key": "ref4d_0578",
    "mode": "micro",
    "merge_config": {
      "tau_sem": 0.96,
      "gap_abs_sec": 1.01,
      "gap_norm_fallback": 0.1,
      "min_duration_norm": 0.0
    },
    "stats": {
      "num_input_items": 6,
      "num_kept_items": 6,
      "num_clusters": 3
    },
    "provenance": {
      "source_hash": "4fd567f037a7"
    }
  }
}