{
  "events": [
    {
      "id": "m0001",
      "s": 0.0,
      "e": 0.22448979591836735,
      "dur": 0.22448979591836735,
      "members": [
        "e0001#1",
        "e0001#2"
      ],
      "text": "man pull tarp",
      "s_abs": 0.0,
      "e_abs": 1.4666666666666666,
      "dur_abs": 1.4666666666666666
    },
    {
      "id": "m0002",
      "s": 0.22448979591836735,
      "e": 0.5255102040816326,
      "dur": 0.30102040816326525,
      "members": [
        "e0002#1"
      ],
      "text": "person pull rope",
      "s_abs": 1.4666666666666666,
      "e_abs": 3.433333333333333,
      "dur_abs": 1.9666666666666666
    },
    {
      "id": "m0003",
      "s": 0.22448979591836735,
      "e": 1.0,
      "dur": 0.7755102040816326,
      "members": [
        "e0002#2",
        "e0003#2"
      ],
      "text": "person stand",
      "s_abs": 1.4666666666666666,
      "e_abs": 6.533333333333333,
      "dur_abs": 5.066666666666666
    },
    {
      "id": "m0004",
      "s": 0.5255102040816326,
      "e": 1.0,
      "dur": 0.4744897959183674,
      "members": [
        "e0003#1"
      ],
      "text": "person pull fabric",
      "s_abs": 3.433333333333333,
      "e_abs": 6.533333333333333,
      "dur_abs": 3.1
    }
  ],
  "meta": {
    "lane": "ref",
    "key": "ref4d_0328",
    "mode": "micro",
    "merge_config": {
      "tau_sem": 0.96,
      "gap_abs_sec": 1.01,
      "gap_norm_fallback": 0.1,
      "min_duration_norm": 0.0
    },
    "stats": {
      "num_input_items": 6,
      "num_kept_items": 6,
      "num_clusters": 4
    },
    "provenance": {
      "source_hash": "96f0b3571bac"
    }
  }
}