{
  "events": [
    {
      "id": "m0001",
      "s": 0.0,
      "e": 0.726890756302521,
      "dur": 0.726890756302521,
      "members": [
        "e0001#2"
      ],
      "text": "train move",
      "s_abs": 0.0,
      "e_abs": 5.766666666666667,
      "dur_abs": 5.766666666666667
    },
    {
      "id": "m0002",
      "s": 0.0,
      "e": 1.0,
      "dur": 1.0,
      "members": [
        "e0001#1",
        "e0002#1"
      ],
      "text": "train stop",
      "s_abs": 0.0,
      "e_abs": 7.933333333333334,
      "dur_abs": 7.933333333333334
    },
    {
      "id": "m0003",
      "s": 0.726890756302521,
      "e": 1.0,
      "dur": 0.273109243697479,
      "members": [
        "e0002#2"
      ],
      "text": "train start",
      "s_abs": 5.766666666666667,
      "e_abs": 7.933333333333334,
      "dur_abs": 2.166666666666667
    }
  ],
  "meta": {
    "lane": "ref",
    "key": "ref4d_0542",
    "mode": "micro",
    "merge_config": {
      "tau_sem": 0.96,
      "gap_abs_sec": 1.01,
      "gap_norm_fallback": 0.1,
      "min_duration_norm": 0.0
    },
    "stats": {
      "num_input_items": 4,
      "num_kept_items": 4,
      "num_clusters": 3
    },
    "provenance": {
      "source_hash": "e80dcd6d1b84"
    }
  }
}