{
  "events": [
    {
      "id": "m0001",
      "s": 0.0,
      "e": 0.4931506849315069,
      "dur": 0.4931506849315069,
      "members": [
        "e0001#1",
        "e0002#1",
        "e0003#2"
      ],
      "text": "penguin walk",
      "s_abs": 0.0,
      "e_abs": 3.6,
      "dur_abs": 3.6
    },
    {
      "id": "m0002",
      "s": 0.0,
      "e": 0.8858447488584476,
      "dur": 0.8858447488584476,
      "members": [
        "e0001#2",
        "e0002#2",
        "e0003#1",
        "e0004#2"
      ],
      "text": "penguin flap wings",
      "s_abs": 0.0,
      "e_abs": 6.466666666666667,
      "dur_abs": 6.466666666666667
    },
    {
      "id": "m0003",
      "s": 0.4931506849315069,
      "e": 1.0,
      "dur": 0.5068493150684932,
      "members": [
        "e0004#1",
        "e0005#1"
      ],
      "text": "penguin stand up",
      "s_abs": 3.6,
      "e_abs": 7.3,
      "dur_abs": 3.6999999999999997
    },
    {
      "id": "m0004",
      "s": 0.8858447488584476,
      "e": 1.0,
      "dur": 0.11415525114155245,
      "members": [
        "e0005#2"
      ],
      "text": "penguin walk",
      "s_abs": 6.466666666666667,
      "e_abs": 7.3,
      "dur_abs": 0.833333333333333
    }
  ],
  "meta": {
    "lane": "ref",
    "key": "ref4d_0031",
    "mode": "micro",
    "merge_config": {
      "tau_sem": 0.96,
      "gap_abs_sec": 1.01,
      "gap_norm_fallback": 0.1,
      "min_duration_norm": 0.0
    },
    "stats": {
      "num_input_items": 10,
      "num_kept_items": 10,
      "num_clusters": 4
    },
    "provenance": {
      "source_hash": "0943ab028d41"
    }
  }
}