{
  "events": [
    {
      "id": "m0001",
      "s": 0.0,
      "e": 0.16964285714285712,
      "dur": 0.16964285714285712,
      "members": [
        "e0001#1"
      ],
      "text": "title card remain",
      "s_abs": 0.0,
      "e_abs": 1.2666666666666666,
      "dur_abs": 1.2666666666666666
    },
    {
      "id": "m0002",
      "s": 0.16964285714285712,
      "e": 0.38839285714285715,
      "dur": 0.21875000000000003,
      "members": [
        "e0002#2"
      ],
      "text": "person hold bread",
      "s_abs": 1.2666666666666666,
      "e_abs": 2.9,
      "dur_abs": 1.6333333333333333
    },
    {
      "id": "m0003",
      "s": 0.16964285714285712,
      "e": 0.5580357142857143,
      "dur": 0.3883928571428572,
      "members": [
        "e0002#1",
        "e0003#1"
      ],
      "text": "person spread pesto",
      "s_abs": 1.2666666666666666,
      "e_abs": 4.166666666666667,
      "dur_abs": 2.9000000000000004
    },
    {
      "id": "m0004",
      "s": 0.38839285714285715,
      "e": 1.0,
      "dur": 0.6116071428571428,
      "members": [
        "e0003#2",
        "e0004#1",
        "e0004#2",
        "e0005#1",
        "e0005#2"
      ],
      "text": "person add salami",
      "s_abs": 2.9,
      "e_abs": 7.466666666666667,
      "dur_abs": 4.566666666666666
    }
  ],
  "meta": {
    "lane": "ref",
    "key": "ref4d_0191",
    "mode": "micro",
    "merge_config": {
      "tau_sem": 0.96,
      "gap_abs_sec": 1.01,
      "gap_norm_fallback": 0.1,
      "min_duration_norm": 0.0
    },
    "stats": {
      "num_input_items": 9,
      "num_kept_items": 9,
      "num_clusters": 4
    },
    "provenance": {
      "source_hash": "69588faf1ab9"
    }
  }
}