{
  "events": [
    {
      "id": "m0001",
      "s": 0.0,
      "e": 0.25084745762711863,
      "dur": 0.25084745762711863,
      "members": [
        "e0001#2"
      ],
      "text": "car start moving",
      "s_abs": 0.0,
      "e_abs": 2.466666666666667,
      "dur_abs": 2.466666666666667
    },
    {
      "id": "m0002",
      "s": 0.0,
      "e": 0.752542372881356,
      "dur": 0.752542372881356,
      "members": [
        "e0001#1",
        "e0002#1",
        "e0003#1"
      ],
      "text": "car stop at traffic light",
      "s_abs": 0.0,
      "e_abs": 7.4,
      "dur_abs": 7.4
    },
    {
      "id": "m0003",
      "s": 0.25084745762711863,
      "e": 1.0,
      "dur": 0.7491525423728813,
      "members": [
        "e0002#2",
        "e0003#2",
        "e0004#2"
      ],
      "text": "traffic light change",
      "s_abs": 2.466666666666667,
      "e_abs": 9.833333333333334,
      "dur_abs": 7.366666666666667
    },
    {
      "id": "m0004",
      "s": 0.752542372881356,
      "e": 1.0,
      "dur": 0.24745762711864405,
      "members": [
        "e0004#1"
      ],
      "text": "car drive along road",
      "s_abs": 7.4,
      "e_abs": 9.833333333333334,
      "dur_abs": 2.4333333333333336
    }
  ],
  "meta": {
    "lane": "ref",
    "key": "ref4d_0598",
    "mode": "micro",
    "merge_config": {
      "tau_sem": 0.96,
      "gap_abs_sec": 1.01,
      "gap_norm_fallback": 0.1,
      "min_duration_norm": 0.0
    },
    "stats": {
      "num_input_items": 8,
      "num_kept_items": 8,
      "num_clusters": 4
    },
    "provenance": {
      "source_hash": "349e193e105c"
    }
  }
}