{
  "events": [
    {
      "id": "m0001",
      "s": 0.0,
      "e": 0.5511363636363636,
      "dur": 0.5511363636363636,
      "members": [
        "e0001#2",
        "e0002#2"
      ],
      "text": "bus pass by building",
      "s_abs": 0.0,
      "e_abs": 3.2333333333333334,
      "dur_abs": 3.2333333333333334
    },
    {
      "id": "m0002",
      "s": 0.0,
      "e": 1.0,
      "dur": 1.0,
      "members": [
        "e0001#1",
        "e0002#1",
        "e0003#1",
        "e0004#1"
      ],
      "text": "bus drive down street",
      "s_abs": 0.0,
      "e_abs": 5.866666666666666,
      "dur_abs": 5.866666666666666
    },
    {
      "id": "m0003",
      "s": 0.5511363636363636,
      "e": 0.7443181818181818,
      "dur": 0.19318181818181812,
      "members": [
        "e0003#2"
      ],
      "text": "bus stop",
      "s_abs": 3.2333333333333334,
      "e_abs": 4.366666666666666,
      "dur_abs": 1.1333333333333329
    },
    {
      "id": "m0004",
      "s": 0.7443181818181818,
      "e": 1.0,
      "dur": 0.25568181818181823,
      "members": [
        "e0004#2"
      ],
      "text": "pedestrians walk on sidewalk",
      "s_abs": 4.366666666666666,
      "e_abs": 5.866666666666666,
      "dur_abs": 1.5
    }
  ],
  "meta": {
    "lane": "ref",
    "key": "ref4d_0576",
    "mode": "micro",
    "merge_config": {
      "tau_sem": 0.96,
      "gap_abs_sec": 1.01,
      "gap_norm_fallback": 0.1,
      "min_duration_norm": 0.0
    },
    "stats": {
      "num_input_items": 8,
      "num_kept_items": 8,
      "num_clusters": 4
    },
    "provenance": {
      "source_hash": "ac6a13528040"
    }
  }
}