{
  "events": [
    {
      "id": "m0001",
      "s": 0.0,
      "e": 0.21666666666666667,
      "dur": 0.21666666666666667,
      "members": [
        "e0001#1",
        "e0001#2"
      ],
      "text": "person skate",
      "s_abs": 0.0,
      "e_abs": 1.3,
      "dur_abs": 1.3
    },
    {
      "id": "m0002",
      "s": 0.21666666666666667,
      "e": 0.4666666666666666,
      "dur": 0.24999999999999994,
      "members": [
        "e0002#1"
      ],
      "text": "skater glide",
      "s_abs": 1.3,
      "e_abs": 2.8,
      "dur_abs": 1.4999999999999998
    },
    {
      "id": "m0003",
      "s": 0.21666666666666667,
      "e": 1.0,
      "dur": 0.7833333333333333,
      "members": [
        "e0002#2",
        "e0003#1",
        "e0003#2",
        "e0004#1",
        "e0004#2"
      ],
      "text": "skater spin",
      "s_abs": 1.3,
      "e_abs": 6.0,
      "dur_abs": 4.7
    }
  ],
  "meta": {
    "lane": "ref",
    "key": "ref4d_0471",
    "mode": "micro",
    "merge_config": {
      "tau_sem": 0.96,
      "gap_abs_sec": 1.01,
      "gap_norm_fallback": 0.1,
      "min_duration_norm": 0.0
    },
    "stats": {
      "num_input_items": 8,
      "num_kept_items": 8,
      "num_clusters": 3
    },
    "provenance": {
      "source_hash": "7d9c6faaecf7"
    }
  }
}