{
  "events": [
    {
      "id": "m0001",
      "s": 0.0,
      "e": 0.5907172995780591,
      "dur": 0.5907172995780591,
      "members": [
        "e0001#1",
        "e0002#1",
        "e0003#1"
      ],
      "text": "person dribble ball",
      "s_abs": 0.0,
      "e_abs": 4.666666666666667,
      "dur_abs": 4.666666666666667
    },
    {
      "id": "m0002",
      "s": 0.0,
      "e": 1.0,
      "dur": 1.0,
      "members": [
        "e0001#2",
        "e0002#2",
        "e0003#2",
        "e0004#1",
        "e0005#1"
      ],
      "text": "person kick ball",
      "s_abs": 0.0,
      "e_abs": 7.9,
      "dur_abs": 7.9
    },
    {
      "id": "m0003",
      "s": 0.5907172995780591,
      "e": 0.7679324894514767,
      "dur": 0.17721518987341767,
      "members": [
        "e0004#2"
      ],
      "text": "person run",
      "s_abs": 4.666666666666667,
      "e_abs": 6.066666666666666,
      "dur_abs": 1.3999999999999995
    },
    {
      "id": "m0004",
      "s": 0.7679324894514767,
      "e": 1.0,
      "dur": 0.23206751054852326,
      "members": [
        "e0005#2"
      ],
      "text": "ball fly",
      "s_abs": 6.066666666666666,
      "e_abs": 7.9,
      "dur_abs": 1.833333333333334
    }
  ],
  "meta": {
    "lane": "ref",
    "key": "ref4d_0508",
    "mode": "micro",
    "merge_config": {
      "tau_sem": 0.96,
      "gap_abs_sec": 1.01,
      "gap_norm_fallback": 0.1,
      "min_duration_norm": 0.0
    },
    "stats": {
      "num_input_items": 10,
      "num_kept_items": 10,
      "num_clusters": 4
    },
    "provenance": {
      "source_hash": "0d8497502bf7"
    }
  }
}