{
  "events": [
    {
      "id": "m0001",
      "s": 0.0,
      "e": 0.693467336683417,
      "dur": 0.693467336683417,
      "members": [
        "e0001#1",
        "e0002#1",
        "e0003#1",
        "e0004#1",
        "e0005#1"
      ],
      "text": "machine operate",
      "s_abs": 0.0,
      "e_abs": 9.2,
      "dur_abs": 9.2
    },
    {
      "id": "m0002",
      "s": 0.0,
      "e": 0.693467336683417,
      "dur": 0.693467336683417,
      "members": [
        "e0001#2",
        "e0002#2",
        "e0003#2",
        "e0004#2",
        "e0005#2"
      ],
      "text": "metal object move",
      "s_abs": 0.0,
      "e_abs": 9.2,
      "dur_abs": 9.2
    },
    {
      "id": "m0003",
      "s": 0.693467336683417,
      "e": 1.0,
      "dur": 0.306532663316583,
      "members": [
        "e0006#1"
      ],
      "text": "dodo machine move",
      "s_abs": 9.2,
      "e_abs": 13.266666666666667,
      "dur_abs": 4.066666666666668
    }
  ],
  "meta": {
    "lane": "ref",
    "key": "ref4d_0280",
    "mode": "micro",
    "merge_config": {
      "tau_sem": 0.96,
      "gap_abs_sec": 1.01,
      "gap_norm_fallback": 0.1,
      "min_duration_norm": 0.0
    },
    "stats": {
      "num_input_items": 11,
      "num_kept_items": 11,
      "num_clusters": 3
    },
    "provenance": {
      "source_hash": "70128d858cb5"
    }
  }
}