{
  "events": [
    {
      "id": "m0001",
      "s": 0.0,
      "e": 0.15358361774744025,
      "dur": 0.15358361774744025,
      "members": [
        "e0001#1"
      ],
      "text": "man stand in front of mural",
      "s_abs": 0.0,
      "e_abs": 1.5,
      "dur_abs": 1.5
    },
    {
      "id": "m0002",
      "s": 0.0,
      "e": 0.15358361774744025,
      "dur": 0.15358361774744025,
      "members": [
        "e0001#2"
      ],
      "text": "man stands in front",
      "s_abs": 0.0,
      "e_abs": 1.5,
      "dur_abs": 1.5
    },
    {
      "id": "m0003",
      "s": 0.15358361774744025,
      "e": 1.0,
      "dur": 0.8464163822525598,
      "members": [
        "e0002#1",
        "e0003#2",
        "e0004#1"
      ],
      "text": "person stand",
      "s_abs": 1.5,
      "e_abs": 9.766666666666667,
      "dur_abs": 8.266666666666667
    },
    {
      "id": "m0004",
      "s": 0.6450511945392491,
      "e": 0.8771331058020477,
      "dur": 0.23208191126279865,
      "members": [
        "e0003#1"
      ],
      "text": "man talk to camera",
      "s_abs": 6.3,
      "e_abs": 8.566666666666666,
      "dur_abs": 2.2666666666666666
    }
  ],
  "meta": {
    "lane": "ref",
    "key": "ref4d_0435",
    "mode": "micro",
    "merge_config": {
      "tau_sem": 0.96,
      "gap_abs_sec": 1.01,
      "gap_norm_fallback": 0.1,
      "min_duration_norm": 0.0
    },
    "stats": {
      "num_input_items": 6,
      "num_kept_items": 6,
      "num_clusters": 4
    },
    "provenance": {
      "source_hash": "071c88ed1854"
    }
  }
}
