{
  "events": [
    {
      "id": "m0001",
      "s": 0.0,
      "e": 0.28112449799196787,
      "dur": 0.28112449799196787,
      "members": [
        "e0001#1"
      ],
      "text": "building under construction",
      "s_abs": 0.0,
      "e_abs": 2.3333333333333335,
      "dur_abs": 2.3333333333333335
    },
    {
      "id": "m0002",
      "s": 0.0,
      "e": 0.28112449799196787,
      "dur": 0.28112449799196787,
      "members": [
        "e0001#2"
      ],
      "text": "crane lift materials",
      "s_abs": 0.0,
      "e_abs": 2.3333333333333335,
      "dur_abs": 2.3333333333333335
    },
    {
      "id": "m0003",
      "s": 0.28112449799196787,
      "e": 1.0,
      "dur": 0.7188755020080322,
      "members": [
        "e0002#1"
      ],
      "text": "building stand beside river",
      "s_abs": 2.3333333333333335,
      "e_abs": 8.3,
      "dur_abs": 5.966666666666667
    },
    {
      "id": "m0004",
      "s": 0.28112449799196787,
      "e": 1.0,
      "dur": 0.7188755020080322,
      "members": [
        "e0002#2"
      ],
      "text": "clouds move in sky",
      "s_abs": 2.3333333333333335,
      "e_abs": 8.3,
      "dur_abs": 5.966666666666667
    }
  ],
  "meta": {
    "lane": "ref",
    "key": "ref4d_0108",
    "mode": "micro",
    "merge_config": {
      "tau_sem": 0.96,
      "gap_abs_sec": 1.01,
      "gap_norm_fallback": 0.1,
      "min_duration_norm": 0.0
    },
    "stats": {
      "num_input_items": 4,
      "num_kept_items": 4,
      "num_clusters": 4
    },
    "provenance": {
      "source_hash": "875a8c47e158"
    }
  }
}