{
  "events": [
    {
      "id": "m0001",
      "s": 0.0,
      "e": 0.4987405541561713,
      "dur": 0.4987405541561713,
      "members": [
        "e0001#1"
      ],
      "text": "river flow",
      "s_abs": 0.0,
      "e_abs": 6.6,
      "dur_abs": 6.6
    },
    {
      "id": "m0002",
      "s": 0.0,
      "e": 1.0,
      "dur": 1.0,
      "members": [
        "e0001#2",
        "e0002#1"
      ],
      "text": "sun rise",
      "s_abs": 0.0,
      "e_abs": 13.233333333333333,
      "dur_abs": 13.233333333333333
    },
    {
      "id": "m0003",
      "s": 0.4987405541561713,
      "e": 1.0,
      "dur": 0.5012594458438286,
      "members": [
        "e0002#2"
      ],
      "text": "water ripple",
      "s_abs": 6.6,
      "e_abs": 13.233333333333333,
      "dur_abs": 6.633333333333333
    }
  ],
  "meta": {
    "lane": "ref",
    "key": "ref4d_0315",
    "mode": "micro",
    "merge_config": {
      "tau_sem": 0.96,
      "gap_abs_sec": 1.01,
      "gap_norm_fallback": 0.1,
      "min_duration_norm": 0.0
    },
    "stats": {
      "num_input_items": 4,
      "num_kept_items": 4,
      "num_clusters": 3
    },
    "provenance": {
      "source_hash": "84be56014bb9"
    }
  }
}