{
  "events": [
    {
      "id": "m0001",
      "s": 0.0,
      "e": 0.7455621301775147,
      "dur": 0.7455621301775147,
      "members": [
        "e0001#1",
        "e0002#1"
      ],
      "text": "person slice fruit",
      "s_abs": 0.0,
      "e_abs": 4.2,
      "dur_abs": 4.2
    },
    {
      "id": "m0002",
      "s": 0.7455621301775147,
      "e": 1.0,
      "dur": 0.2544378698224853,
      "members": [
        "e0003#1"
      ],
      "text": "person slice bread",
      "s_abs": 4.2,
      "e_abs": 5.633333333333334,
      "dur_abs": 1.4333333333333336
    }
  ],
  "meta": {
    "lane": "ref",
    "key": "ref4d_0442",
    "mode": "micro",
    "merge_config": {
      "tau_sem": 0.96,
      "gap_abs_sec": 1.01,
      "gap_norm_fallback": 0.1,
      "min_duration_norm": 0.0
    },
    "stats": {
      "num_input_items": 3,
      "num_kept_items": 3,
      "num_clusters": 2
    },
    "provenance": {
      "source_hash": "522c34d7a876"
    }
  }
}