{
  "events": [
    {
      "id": "m0001",
      "s": 0.0,
      "e": 0.1869918699186992,
      "dur": 0.1869918699186992,
      "members": [
        "e0001#1"
      ],
      "text": "antelope walk",
      "s_abs": 0.0,
      "e_abs": 1.5333333333333334,
      "dur_abs": 1.5333333333333334
    },
    {
      "id": "m0002",
      "s": 0.0,
      "e": 0.1869918699186992,
      "dur": 0.1869918699186992,
      "members": [
        "e0001#2"
      ],
      "text": "antelope graze",
      "s_abs": 0.0,
      "e_abs": 1.5333333333333334,
      "dur_abs": 1.5333333333333334
    },
    {
      "id": "m0003",
      "s": 0.1869918699186992,
      "e": 1.0,
      "dur": 0.8130081300813008,
      "members": [
        "e0002#1",
        "e0002#2",
        "e0003#1",
        "e0003#2",
        "e0004#1",
        "e0004#2",
        "e0005#1"
      ],
      "text": "antelope run",
      "s_abs": 1.5333333333333334,
      "e_abs": 8.2,
      "dur_abs": 6.666666666666666
    },
    {
      "id": "m0004",
      "s": 0.6869918699186993,
      "e": 1.0,
      "dur": 0.3130081300813007,
      "members": [
        "e0005#2"
      ],
      "text": "antelope graze",
      "s_abs": 5.633333333333334,
      "e_abs": 8.2,
      "dur_abs": 2.5666666666666655
    }
  ],
  "meta": {
    "lane": "ref",
    "key": "ref4d_0027",
    "mode": "micro",
    "merge_config": {
      "tau_sem": 0.96,
      "gap_abs_sec": 1.01,
      "gap_norm_fallback": 0.1,
      "min_duration_norm": 0.0
    },
    "stats": {
      "num_input_items": 10,
      "num_kept_items": 10,
      "num_clusters": 4
    },
    "provenance": {
      "source_hash": "9ec636a933ff"
    }
  }
}