{
  "events": [
    {
      "id": "m0001",
      "s": 0.0,
      "e": 0.4838709677419355,
      "dur": 0.4838709677419355,
      "members": [
        "e0001#1",
        "e0002#1"
      ],
      "text": "person sit in wheelchair",
      "s_abs": 0.0,
      "e_abs": 3.5,
      "dur_abs": 3.5
    },
    {
      "id": "m0002",
      "s": 0.0,
      "e": 1.0,
      "dur": 1.0,
      "members": [
        "e0001#2",
        "e0002#2",
        "e0003#2",
        "e0004#2"
      ],
      "text": "person hold bottle",
      "s_abs": 0.0,
      "e_abs": 7.233333333333333,
      "dur_abs": 7.233333333333333
    },
    {
      "id": "m0003",
      "s": 0.4838709677419355,
      "e": 1.0,
      "dur": 0.5161290322580645,
      "members": [
        "e0003#1",
        "e0004#1"
      ],
      "text": "person sit",
      "s_abs": 3.5,
      "e_abs": 7.233333333333333,
      "dur_abs": 3.7333333333333334
    }
  ],
  "meta": {
    "lane": "ref",
    "key": "ref4d_0165",
    "mode": "micro",
    "merge_config": {
      "tau_sem": 0.96,
      "gap_abs_sec": 1.01,
      "gap_norm_fallback": 0.1,
      "min_duration_norm": 0.0
    },
    "stats": {
      "num_input_items": 8,
      "num_kept_items": 8,
      "num_clusters": 3
    },
    "provenance": {
      "source_hash": "756f1aff1192"
    }
  }
}