{
  "events": [
    {
      "id": "m0001",
      "s": 0.0,
      "e": 0.13167259786476868,
      "dur": 0.13167259786476868,
      "members": [
        "e0001#2"
      ],
      "text": "snow patches remain",
      "s_abs": 0.0,
      "e_abs": 1.2333333333333334,
      "dur_abs": 1.2333333333333334
    },
    {
      "id": "m0002",
      "s": 0.0,
      "e": 1.0,
      "dur": 1.0,
      "members": [
        "e0001#1",
        "e0002#1",
        "e0003#1"
      ],
      "text": "waterfall flow",
      "s_abs": 0.0,
      "e_abs": 9.366666666666667,
      "dur_abs": 9.366666666666667
    },
    {
      "id": "m0003",
      "s": 0.13167259786476868,
      "e": 1.0,
      "dur": 0.8683274021352313,
      "members": [
        "e0002#2",
        "e0003#2"
      ],
      "text": "snow melt",
      "s_abs": 1.2333333333333334,
      "e_abs": 9.366666666666667,
      "dur_abs": 8.133333333333333
    }
  ],
  "meta": {
    "lane": "ref",
    "key": "ref4d_0360",
    "mode": "micro",
    "merge_config": {
      "tau_sem": 0.96,
      "gap_abs_sec": 1.01,
      "gap_norm_fallback": 0.1,
      "min_duration_norm": 0.0
    },
    "stats": {
      "num_input_items": 6,
      "num_kept_items": 6,
      "num_clusters": 3
    },
    "provenance": {
      "source_hash": "af48bd41d3da"
    }
  }
}