{
  "events": [
    {
      "id": "m0001",
      "s": 0.0,
      "e": 0.5617977528089888,
      "dur": 0.5617977528089888,
      "members": [
        "e0001#2",
        "e0002#2"
      ],
      "text": "people walk on road",
      "s_abs": 0.0,
      "e_abs": 3.3333333333333335,
      "dur_abs": 3.3333333333333335
    },
    {
      "id": "m0002",
      "s": 0.0,
      "e": 1.0,
      "dur": 1.0,
      "members": [
        "e0001#1",
        "e0002#1",
        "e0003#1"
      ],
      "text": "van drive along road",
      "s_abs": 0.0,
      "e_abs": 5.933333333333334,
      "dur_abs": 5.933333333333334
    },
    {
      "id": "m0003",
      "s": 0.5617977528089888,
      "e": 1.0,
      "dur": 0.4382022471910112,
      "members": [
        "e0003#2"
      ],
      "text": "people stand beside road",
      "s_abs": 3.3333333333333335,
      "e_abs": 5.933333333333334,
      "dur_abs": 2.6
    }
  ],
  "meta": {
    "lane": "ref",
    "key": "ref4d_0370",
    "mode": "micro",
    "merge_config": {
      "tau_sem": 0.96,
      "gap_abs_sec": 1.01,
      "gap_norm_fallback": 0.1,
      "min_duration_norm": 0.0
    },
    "stats": {
      "num_input_items": 6,
      "num_kept_items": 6,
      "num_clusters": 3
    },
    "provenance": {
      "source_hash": "9ecbd07f9cbb"
    }
  }
}