{
  "events": [
    {
      "id": "m0001",
      "s": 0.0,
      "e": 0.1688888888888889,
      "dur": 0.1688888888888889,
      "members": [
        "e0001#2"
      ],
      "text": "man hold phone",
      "s_abs": 0.0,
      "e_abs": 1.2666666666666666,
      "dur_abs": 1.2666666666666666
    },
    {
      "id": "m0002",
      "s": 0.0,
      "e": 0.4,
      "dur": 0.4,
      "members": [
        "e0001#1",
        "e0002#1"
      ],
      "text": "woman take selfie",
      "s_abs": 0.0,
      "e_abs": 3.0,
      "dur_abs": 3.0
    },
    {
      "id": "m0003",
      "s": 0.1688888888888889,
      "e": 0.4,
      "dur": 0.23111111111111113,
      "members": [
        "e0002#2"
      ],
      "text": "woman smile",
      "s_abs": 1.2666666666666666,
      "e_abs": 3.0,
      "dur_abs": 1.7333333333333334
    },
    {
      "id": "m0004",
      "s": 0.4,
      "e": 1.0,
      "dur": 0.6,
      "members": [
        "e0003#1",
        "e0004#1"
      ],
      "text": "person fall down",
      "s_abs": 3.0,
      "e_abs": 7.5,
      "dur_abs": 4.5
    }
  ],
  "meta": {
    "lane": "ref",
    "key": "ref4d_0455",
    "mode": "micro",
    "merge_config": {
      "tau_sem": 0.96,
      "gap_abs_sec": 1.01,
      "gap_norm_fallback": 0.1,
      "min_duration_norm": 0.0
    },
    "stats": {
      "num_input_items": 6,
      "num_kept_items": 6,
      "num_clusters": 4
    },
    "provenance": {
      "source_hash": "0e6355f55b53"
    }
  }
}