{
  "events": [
    {
      "id": "m0001",
      "s": 0.0,
      "e": 0.8422939068100358,
      "dur": 0.8422939068100358,
      "members": [
        "e0001#2",
        "e0002#2",
        "e0003#2",
        "e0004#2",
        "e0005#2"
      ],
      "text": "hummingbird drink",
      "s_abs": 0.0,
      "e_abs": 7.833333333333333,
      "dur_abs": 7.833333333333333
    },
    {
      "id": "m0002",
      "s": 0.0,
      "e": 1.0,
      "dur": 1.0,
      "members": [
        "e0001#1",
        "e0002#1",
        "e0003#1",
        "e0004#1",
        "e0005#1",
        "e0006#2"
      ],
      "text": "hummingbird fly",
      "s_abs": 0.0,
      "e_abs": 9.3,
      "dur_abs": 9.3
    },
    {
      "id": "m0003",
      "s": 0.8422939068100358,
      "e": 1.0,
      "dur": 0.1577060931899642,
      "members": [
        "e0006#1"
      ],
      "text": "hummingbird feed",
      "s_abs": 7.833333333333333,
      "e_abs": 9.3,
      "dur_abs": 1.4666666666666677
    }
  ],
  "meta": {
    "lane": "ref",
    "key": "ref4d_0085",
    "mode": "micro",
    "merge_config": {
      "tau_sem": 0.96,
      "gap_abs_sec": 1.01,
      "gap_norm_fallback": 0.1,
      "min_duration_norm": 0.0
    },
    "stats": {
      "num_input_items": 12,
      "num_kept_items": 12,
      "num_clusters": 3
    },
    "provenance": {
      "source_hash": "e8b1c591799b"
    }
  }
}