{
  "events": [
    {
      "id": "m0001",
      "s": 0.0,
      "e": 0.24087591240875914,
      "dur": 0.24087591240875914,
      "members": [
        "e0001#1"
      ],
      "text": "water ripple",
      "s_abs": 0.0,
      "e_abs": 3.3,
      "dur_abs": 3.3
    },
    {
      "id": "m0002",
      "s": 0.24087591240875914,
      "e": 0.45985401459854014,
      "dur": 0.218978102189781,
      "members": [
        "e0002#1"
      ],
      "text": "water flow",
      "s_abs": 3.3,
      "e_abs": 6.3,
      "dur_abs": 3.0
    },
    {
      "id": "m0003",
      "s": 0.45985401459854014,
      "e": 1.0,
      "dur": 0.5401459854014599,
      "members": [
        "e0003#1",
        "e0004#1"
      ],
      "text": "car drive along road",
      "s_abs": 6.3,
      "e_abs": 13.7,
      "dur_abs": 7.3999999999999995
    },
    {
      "id": "m0004",
      "s": 0.45985401459854014,
      "e": 1.0,
      "dur": 0.5401459854014599,
      "members": [
        "e0003#2",
        "e0004#2"
      ],
      "text": "pedestrian cross street",
      "s_abs": 6.3,
      "e_abs": 13.7,
      "dur_abs": 7.3999999999999995
    }
  ],
  "meta": {
    "lane": "ref",
    "key": "ref4d_0343",
    "mode": "micro",
    "merge_config": {
      "tau_sem": 0.96,
      "gap_abs_sec": 1.01,
      "gap_norm_fallback": 0.1,
      "min_duration_norm": 0.0
    },
    "stats": {
      "num_input_items": 6,
      "num_kept_items": 6,
      "num_clusters": 4
    },
    "provenance": {
      "source_hash": "fb41deb92fed"
    }
  }
}