{
  "events": [
    {
      "id": "m0001",
      "s": 0.0,
      "e": 0.5,
      "dur": 0.5,
      "members": [
        "e0001#2"
      ],
      "text": "airplane land",
      "s_abs": 0.0,
      "e_abs": 2.8666666666666667,
      "dur_abs": 2.8666666666666667
    },
    {
      "id": "m0002",
      "s": 0.0,
      "e": 1.0,
      "dur": 1.0,
      "members": [
        "e0001#1",
        "e0002#2"
      ],
      "text": "airplane fly",
      "s_abs": 0.0,
      "e_abs": 5.733333333333333,
      "dur_abs": 5.733333333333333
    },
    {
      "id": "m0003",
      "s": 0.5,
      "e": 1.0,
      "dur": 0.5,
      "members": [
        "e0002#1"
      ],
      "text": "airplane fly over city",
      "s_abs": 2.8666666666666667,
      "e_abs": 5.733333333333333,
      "dur_abs": 2.8666666666666667
    }
  ],
  "meta": {
    "lane": "ref",
    "key": "ref4d_0560",
    "mode": "micro",
    "merge_config": {
      "tau_sem": 0.96,
      "gap_abs_sec": 1.01,
      "gap_norm_fallback": 0.1,
      "min_duration_norm": 0.0
    },
    "stats": {
      "num_input_items": 4,
      "num_kept_items": 4,
      "num_clusters": 3
    },
    "provenance": {
      "source_hash": "871e52d83607"
    }
  }
}