{
  "events": [
    {
      "id": "m0001",
      "s": 0.0,
      "e": 0.22448979591836735,
      "dur": 0.22448979591836735,
      "members": [
        "e0001#1"
      ],
      "text": "leopards sit",
      "s_abs": 0.0,
      "e_abs": 1.8333333333333333,
      "dur_abs": 1.8333333333333333
    },
    {
      "id": "m0002",
      "s": 0.0,
      "e": 1.0,
      "dur": 1.0,
      "members": [
        "e0001#2",
        "e0002#2",
        "e0003#1",
        "e0003#2",
        "e0004#1",
        "e0004#2",
        "e0005#1",
        "e0005#2",
        "e0006#1",
        "e0006#2"
      ],
      "text": "leopard play with ball",
      "s_abs": 0.0,
      "e_abs": 8.166666666666666,
      "dur_abs": 8.166666666666666
    },
    {
      "id": "m0003",
      "s": 0.22448979591836735,
      "e": 0.35918367346938773,
      "dur": 0.13469387755102039,
      "members": [
        "e0002#1"
      ],
      "text": "leopards play",
      "s_abs": 1.8333333333333333,
      "e_abs": 2.933333333333333,
      "dur_abs": 1.0999999999999999
    }
  ],
  "meta": {
    "lane": "ref",
    "key": "ref4d_0067",
    "mode": "micro",
    "merge_config": {
      "tau_sem": 0.96,
      "gap_abs_sec": 1.01,
      "gap_norm_fallback": 0.1,
      "min_duration_norm": 0.0
    },
    "stats": {
      "num_input_items": 12,
      "num_kept_items": 12,
      "num_clusters": 3
    },
    "provenance": {
      "source_hash": "aaebda0ea8a9"
    }
  }
}