{
  "events": [
    {
      "id": "m0001",
      "s": 0.0,
      "e": 0.6182795698924731,
      "dur": 0.6182795698924731,
      "members": [
        "e0001#1"
      ],
      "text": "building stand beside road",
      "s_abs": 0.0,
      "e_abs": 3.8333333333333335,
      "dur_abs": 3.8333333333333335
    },
    {
      "id": "m0002",
      "s": 0.0,
      "e": 1.0,
      "dur": 1.0,
      "members": [
        "e0001#2",
        "e0002#1"
      ],
      "text": "water flow",
      "s_abs": 0.0,
      "e_abs": 6.2,
      "dur_abs": 6.2
    },
    {
      "id": "m0003",
      "s": 0.6182795698924731,
      "e": 1.0,
      "dur": 0.3817204301075269,
      "members": [
        "e0002#2"
      ],
      "text": "car drive",
      "s_abs": 3.8333333333333335,
      "e_abs": 6.2,
      "dur_abs": 2.3666666666666667
    }
  ],
  "meta": {
    "lane": "ref",
    "key": "ref4d_0141",
    "mode": "micro",
    "merge_config": {
      "tau_sem": 0.96,
      "gap_abs_sec": 1.01,
      "gap_norm_fallback": 0.1,
      "min_duration_norm": 0.0
    },
    "stats": {
      "num_input_items": 4,
      "num_kept_items": 4,
      "num_clusters": 3
    },
    "provenance": {
      "source_hash": "5c3a576f4772"
    }
  }
}