{
  "events": [
    {
      "id": "m0001",
      "s": 0.0,
      "e": 0.26996197718631176,
      "dur": 0.26996197718631176,
      "members": [
        "e0001#2"
      ],
      "text": "bear look at car",
      "s_abs": 0.0,
      "e_abs": 2.3666666666666667,
      "dur_abs": 2.3666666666666667
    },
    {
      "id": "m0002",
      "s": 0.0,
      "e": 1.0,
      "dur": 1.0,
      "members": [
        "e0001#1",
        "e0002#1",
        "e0003#1",
        "e0004#1",
        "e0005#1"
      ],
      "text": "bear stand on hind legs",
      "s_abs": 0.0,
      "e_abs": 8.766666666666667,
      "dur_abs": 8.766666666666667
    },
    {
      "id": "m0003",
      "s": 0.26996197718631176,
      "e": 1.0,
      "dur": 0.7300380228136882,
      "members": [
        "e0002#2",
        "e0003#2",
        "e0004#2",
        "e0005#2"
      ],
      "text": "bear touch car",
      "s_abs": 2.3666666666666667,
      "e_abs": 8.766666666666667,
      "dur_abs": 6.4
    }
  ],
  "meta": {
    "lane": "ref",
    "key": "ref4d_0062",
    "mode": "micro",
    "merge_config": {
      "tau_sem": 0.96,
      "gap_abs_sec": 1.01,
      "gap_norm_fallback": 0.1,
      "min_duration_norm": 0.0
    },
    "stats": {
      "num_input_items": 10,
      "num_kept_items": 10,
      "num_clusters": 3
    },
    "provenance": {
      "source_hash": "f60dab615738"
    }
  }
}