{
  "events": [
    {
      "id": "m0001",
      "s": 0.0,
      "e": 0.14006514657980457,
      "dur": 0.14006514657980457,
      "members": [
        "e0001#2"
      ],
      "text": "kangaroo walk",
      "s_abs": 0.0,
      "e_abs": 1.4333333333333333,
      "dur_abs": 1.4333333333333333
    },
    {
      "id": "m0002",
      "s": 0.0,
      "e": 0.38436482084690554,
      "dur": 0.38436482084690554,
      "members": [
        "e0001#1",
        "e0002#1",
        "e0003#1"
      ],
      "text": "kangaroo hop",
      "s_abs": 0.0,
      "e_abs": 3.933333333333333,
      "dur_abs": 3.933333333333333
    },
    {
      "id": "m0003",
      "s": 0.2768729641693811,
      "e": 1.0,
      "dur": 0.7231270358306189,
      "members": [
        "e0003#2",
        "e0004#1",
        "e0005#2",
        "e0006#2",
        "e0007#2"
      ],
      "text": "kangaroo walk",
      "s_abs": 2.8333333333333335,
      "e_abs": 10.233333333333333,
      "dur_abs": 7.399999999999999
    },
    {
      "id": "m0004",
      "s": 0.488599348534202,
      "e": 1.0,
      "dur": 0.511400651465798,
      "members": [
        "e0005#1",
        "e0006#1",
        "e0007#1"
      ],
      "text": "kangaroo jump",
      "s_abs": 5.0,
      "e_abs": 10.233333333333333,
      "dur_abs": 5.2333333333333325
    }
  ],
  "meta": {
    "lane": "ref",
    "key": "ref4d_0039",
    "mode": "micro",
    "merge_config": {
      "tau_sem": 0.96,
      "gap_abs_sec": 1.01,
      "gap_norm_fallback": 0.1,
      "min_duration_norm": 0.0
    },
    "stats": {
      "num_input_items": 12,
      "num_kept_items": 12,
      "num_clusters": 4
    },
    "provenance": {
      "source_hash": "e3f851b79def"
    }
  }
}