{
  "events": [
    {
      "id": "m0001",
      "s": 0.0,
      "e": 0.4610778443113773,
      "dur": 0.4610778443113773,
      "members": [
        "e0001#2",
        "e0002#2"
      ],
      "text": "flour dusts hands",
      "s_abs": 0.0,
      "e_abs": 2.566666666666667,
      "dur_abs": 2.566666666666667
    },
    {
      "id": "m0002",
      "s": 0.0,
      "e": 1.0,
      "dur": 1.0,
      "members": [
        "e0001#1",
        "e0002#1",
        "e0003#1",
        "e0004#1",
        "e0004#2"
      ],
      "text": "hands press down on dough",
      "s_abs": 0.0,
      "e_abs": 5.566666666666666,
      "dur_abs": 5.566666666666666
    },
    {
      "id": "m0003",
      "s": 0.4610778443113773,
      "e": 0.7904191616766468,
      "dur": 0.3293413173652695,
      "members": [
        "e0003#2"
      ],
      "text": "hands move in circular motion",
      "s_abs": 2.566666666666667,
      "e_abs": 4.4,
      "dur_abs": 1.8333333333333335
    }
  ],
  "meta": {
    "lane": "ref",
    "key": "ref4d_0234",
    "mode": "micro",
    "merge_config": {
      "tau_sem": 0.96,
      "gap_abs_sec": 1.01,
      "gap_norm_fallback": 0.1,
      "min_duration_norm": 0.0
    },
    "stats": {
      "num_input_items": 8,
      "num_kept_items": 8,
      "num_clusters": 3
    },
    "provenance": {
      "source_hash": "22aa9bb8b842"
    }
  }
}