{
  "events": [
    {
      "id": "m0001",
      "s": 0.0,
      "e": 0.2578616352201258,
      "dur": 0.2578616352201258,
      "members": [
        "e0001#2"
      ],
      "text": "smoke billow from engine",
      "s_abs": 0.0,
      "e_abs": 1.3666666666666667,
      "dur_abs": 1.3666666666666667
    },
    {
      "id": "m0002",
      "s": 0.0,
      "e": 1.0,
      "dur": 1.0,
      "members": [
        "e0001#1",
        "e0002#1",
        "e0003#1",
        "e0004#1"
      ],
      "text": "train move along track",
      "s_abs": 0.0,
      "e_abs": 5.3,
      "dur_abs": 5.3
    },
    {
      "id": "m0003",
      "s": 0.2578616352201258,
      "e": 0.44654088050314467,
      "dur": 0.18867924528301888,
      "members": [
        "e0002#2"
      ],
      "text": "smoke rise from train",
      "s_abs": 1.3666666666666667,
      "e_abs": 2.3666666666666667,
      "dur_abs": 1.0
    }
  ],
  "meta": {
    "lane": "ref",
    "key": "ref4d_0311",
    "mode": "micro",
    "merge_config": {
      "tau_sem": 0.96,
      "gap_abs_sec": 1.01,
      "gap_norm_fallback": 0.1,
      "min_duration_norm": 0.0
    },
    "stats": {
      "num_input_items": 6,
      "num_kept_items": 6,
      "num_clusters": 3
    },
    "provenance": {
      "source_hash": "db6fde7ca130"
    }
  }
}