{
  "events": [
    {
      "id": "m0001",
      "s": 0.0,
      "e": 0.5333333333333333,
      "dur": 0.5333333333333333,
      "members": [
        "e0001#2",
        "e0002#2"
      ],
      "text": "tarantula climb",
      "s_abs": 0.0,
      "e_abs": 4.8,
      "dur_abs": 4.8
    },
    {
      "id": "m0002",
      "s": 0.0,
      "e": 1.0,
      "dur": 1.0,
      "members": [
        "e0001#1",
        "e0002#1",
        "e0003#1",
        "e0004#2"
      ],
      "text": "tarantula move",
      "s_abs": 0.0,
      "e_abs": 9.0,
      "dur_abs": 9.0
    },
    {
      "id": "m0003",
      "s": 0.837037037037037,
      "e": 1.0,
      "dur": 0.16296296296296298,
      "members": [
        "e0004#1"
      ],
      "text": "tarantula rest",
      "s_abs": 7.533333333333333,
      "e_abs": 9.0,
      "dur_abs": 1.4666666666666668
    }
  ],
  "meta": {
    "lane": "ref",
    "key": "ref4d_0026",
    "mode": "micro",
    "merge_config": {
      "tau_sem": 0.96,
      "gap_abs_sec": 1.01,
      "gap_norm_fallback": 0.1,
      "min_duration_norm": 0.0
    },
    "stats": {
      "num_input_items": 7,
      "num_kept_items": 7,
      "num_clusters": 3
    },
    "provenance": {
      "source_hash": "266891c8c5a9"
    }
  }
}