{
  "events": [
    {
      "id": "m0001",
      "s": 0.0,
      "e": 0.12704918032786888,
      "dur": 0.12704918032786888,
      "members": [
        "e0001#1"
      ],
      "text": "boat sail",
      "s_abs": 0.0,
      "e_abs": 1.0333333333333334,
      "dur_abs": 1.0333333333333334
    },
    {
      "id": "m0002",
      "s": 0.0,
      "e": 0.12704918032786888,
      "dur": 0.12704918032786888,
      "members": [
        "e0001#2"
      ],
      "text": "boat move",
      "s_abs": 0.0,
      "e_abs": 1.0333333333333334,
      "dur_abs": 1.0333333333333334
    },
    {
      "id": "m0003",
      "s": 0.12704918032786888,
      "e": 1.0,
      "dur": 0.8729508196721312,
      "members": [
        "e0002#1",
        "e0003#1",
        "e0004#1",
        "e0005#1"
      ],
      "text": "boat dock",
      "s_abs": 1.0333333333333334,
      "e_abs": 8.133333333333333,
      "dur_abs": 7.1
    },
    {
      "id": "m0004",
      "s": 0.12704918032786888,
      "e": 1.0,
      "dur": 0.8729508196721312,
      "members": [
        "e0002#2",
        "e0003#2",
        "e0004#2",
        "e0005#2"
      ],
      "text": "boat undock",
      "s_abs": 1.0333333333333334,
      "e_abs": 8.133333333333333,
      "dur_abs": 7.1
    }
  ],
  "meta": {
    "lane": "ref",
    "key": "ref4d_0323",
    "mode": "micro",
    "merge_config": {
      "tau_sem": 0.96,
      "gap_abs_sec": 1.01,
      "gap_norm_fallback": 0.1,
      "min_duration_norm": 0.0
    },
    "stats": {
      "num_input_items": 10,
      "num_kept_items": 10,
      "num_clusters": 4
    },
    "provenance": {
      "source_hash": "80cbdc9970c5"
    }
  }
}