{
  "events": [
    {
      "id": "m0001",
      "s": 0.0,
      "e": 0.19806763285024154,
      "dur": 0.19806763285024154,
      "members": [
        "e0001#2"
      ],
      "text": "person place chicken in pot",
      "s_abs": 0.0,
      "e_abs": 1.3666666666666667,
      "dur_abs": 1.3666666666666667
    },
    {
      "id": "m0002",
      "s": 0.0,
      "e": 0.6666666666666666,
      "dur": 0.6666666666666666,
      "members": [
        "e0001#1",
        "e0002#1",
        "e0002#2",
        "e0003#1"
      ],
      "text": "person pour water",
      "s_abs": 0.0,
      "e_abs": 4.6,
      "dur_abs": 4.6
    },
    {
      "id": "m0003",
      "s": 0.4009661835748792,
      "e": 1.0,
      "dur": 0.5990338164251208,
      "members": [
        "e0003#2",
        "e0004#1",
        "e0004#2"
      ],
      "text": "person add garlic",
      "s_abs": 2.7666666666666666,
      "e_abs": 6.9,
      "dur_abs": 4.133333333333334
    },
    {
      "id": "m0004",
      "s": 0.6666666666666666,
      "e": 1.0,
      "dur": 0.33333333333333337,
      "members": [
        "e0004#3"
      ],
      "text": "person stir pot",
      "s_abs": 4.6,
      "e_abs": 6.9,
      "dur_abs": 2.3000000000000007
    }
  ],
  "meta": {
    "lane": "ref",
    "key": "ref4d_0237",
    "mode": "micro",
    "merge_config": {
      "tau_sem": 0.96,
      "gap_abs_sec": 1.01,
      "gap_norm_fallback": 0.1,
      "min_duration_norm": 0.0
    },
    "stats": {
      "num_input_items": 9,
      "num_kept_items": 9,
      "num_clusters": 4
    },
    "provenance": {
      "source_hash": "e787d664a312"
    }
  }
}