{
  "events": [
    {
      "id": "m0001",
      "s": 0.0,
      "e": 0.20645161290322578,
      "dur": 0.20645161290322578,
      "members": [
        "e0001#2"
      ],
      "text": "person run on track",
      "s_abs": 0.0,
      "e_abs": 1.0666666666666667,
      "dur_abs": 1.0666666666666667
    },
    {
      "id": "m0002",
      "s": 0.0,
      "e": 1.0,
      "dur": 1.0,
      "members": [
        "e0001#1",
        "e0002#1",
        "e0003#2",
        "e0004#2"
      ],
      "text": "person jump over hurdle",
      "s_abs": 0.0,
      "e_abs": 5.166666666666667,
      "dur_abs": 5.166666666666667
    },
    {
      "id": "m0003",
      "s": 0.20645161290322578,
      "e": 0.48387096774193544,
      "dur": 0.27741935483870966,
      "members": [
        "e0002#2"
      ],
      "text": "person land on ground",
      "s_abs": 1.0666666666666667,
      "e_abs": 2.5,
      "dur_abs": 1.4333333333333333
    },
    {
      "id": "m0004",
      "s": 0.48387096774193544,
      "e": 1.0,
      "dur": 0.5161290322580645,
      "members": [
        "e0003#1",
        "e0004#1"
      ],
      "text": "person run",
      "s_abs": 2.5,
      "e_abs": 5.166666666666667,
      "dur_abs": 2.666666666666667
    }
  ],
  "meta": {
    "lane": "ref",
    "key": "ref4d_0502",
    "mode": "micro",
    "merge_config": {
      "tau_sem": 0.96,
      "gap_abs_sec": 1.01,
      "gap_norm_fallback": 0.1,
      "min_duration_norm": 0.0
    },
    "stats": {
      "num_input_items": 8,
      "num_kept_items": 8,
      "num_clusters": 4
    },
    "provenance": {
      "source_hash": "ffb60332e7a6"
    }
  }
}