{
  "events": [
    {
      "id": "m0001",
      "s": 0.0,
      "e": 0.4230769230769231,
      "dur": 0.4230769230769231,
      "members": [
        "e0001#1",
        "e0002#1"
      ],
      "text": "kangaroo stand",
      "s_abs": 0.0,
      "e_abs": 3.6666666666666665,
      "dur_abs": 3.6666666666666665
    },
    {
      "id": "m0002",
      "s": 0.0,
      "e": 1.0,
      "dur": 1.0,
      "members": [
        "e0001#2",
        "e0002#2",
        "e0003#2",
        "e0004#2"
      ],
      "text": "person pet kangaroo",
      "s_abs": 0.0,
      "e_abs": 8.666666666666666,
      "dur_abs": 8.666666666666666
    },
    {
      "id": "m0003",
      "s": 0.4230769230769231,
      "e": 0.7076923076923078,
      "dur": 0.28461538461538477,
      "members": [
        "e0003#1"
      ],
      "text": "kangaroo stand still",
      "s_abs": 3.6666666666666665,
      "e_abs": 6.133333333333334,
      "dur_abs": 2.4666666666666672
    },
    {
      "id": "m0004",
      "s": 0.7076923076923078,
      "e": 1.0,
      "dur": 0.29230769230769216,
      "members": [
        "e0004#1"
      ],
      "text": "kangaroo stand",
      "s_abs": 6.133333333333334,
      "e_abs": 8.666666666666666,
      "dur_abs": 2.5333333333333323
    }
  ],
  "meta": {
    "lane": "ref",
    "key": "ref4d_0048",
    "mode": "micro",
    "merge_config": {
      "tau_sem": 0.96,
      "gap_abs_sec": 1.01,
      "gap_norm_fallback": 0.1,
      "min_duration_norm": 0.0
    },
    "stats": {
      "num_input_items": 8,
      "num_kept_items": 8,
      "num_clusters": 4
    },
    "provenance": {
      "source_hash": "c0dce8125ca7"
    }
  }
}