{
  "events": [
    {
      "id": "m0001",
      "s": 0.0,
      "e": 0.4988009592326139,
      "dur": 0.4988009592326139,
      "members": [
        "e0001#1",
        "e0001#2",
        "e0002#1",
        "e0002#2",
        "e0003#1",
        "e0003#2",
        "e0004#1",
        "e0004#2",
        "e0005#1",
        "e0005#2"
      ],
      "text": "bird open beak",
      "s_abs": 0.0,
      "e_abs": 6.933333333333334,
      "dur_abs": 6.933333333333334
    },
    {
      "id": "m0002",
      "s": 0.4988009592326139,
      "e": 0.6618705035971222,
      "dur": 0.16306954436450827,
      "members": [
        "e0006#2"
      ],
      "text": "bird look around",
      "s_abs": 6.933333333333334,
      "e_abs": 9.2,
      "dur_abs": 2.2666666666666657
    },
    {
      "id": "m0003",
      "s": 0.4988009592326139,
      "e": 1.0,
      "dur": 0.5011990407673861,
      "members": [
        "e0006#1",
        "e0007#1",
        "e0008#1"
      ],
      "text": "bird sit",
      "s_abs": 6.933333333333334,
      "e_abs": 13.9,
      "dur_abs": 6.966666666666667
    }
  ],
  "meta": {
    "lane": "ref",
    "key": "ref4d_0032",
    "mode": "micro",
    "merge_config": {
      "tau_sem": 0.96,
      "gap_abs_sec": 1.01,
      "gap_norm_fallback": 0.1,
      "min_duration_norm": 0.0
    },
    "stats": {
      "num_input_items": 14,
      "num_kept_items": 14,
      "num_clusters": 3
    },
    "provenance": {
      "source_hash": "efc9c5d0da1b"
    }
  }
}