{
  "events": [
    {
      "id": "m0001",
      "s": 0.0,
      "e": 0.17408906882591096,
      "dur": 0.17408906882591096,
      "members": [
        "e0001#2"
      ],
      "text": "train pass by",
      "s_abs": 0.0,
      "e_abs": 1.4333333333333333,
      "dur_abs": 1.4333333333333333
    },
    {
      "id": "m0002",
      "s": 0.0,
      "e": 1.0,
      "dur": 1.0,
      "members": [
        "e0001#1",
        "e0002#1",
        "e0003#1",
        "e0004#1",
        "e0005#1"
      ],
      "text": "train move along track",
      "s_abs": 0.0,
      "e_abs": 8.233333333333333,
      "dur_abs": 8.233333333333333
    },
    {
      "id": "m0003",
      "s": 0.17408906882591096,
      "e": 0.3319838056680162,
      "dur": 0.15789473684210525,
      "members": [
        "e0002#2"
      ],
      "text": "train kick up snow",
      "s_abs": 1.4333333333333333,
      "e_abs": 2.7333333333333334,
      "dur_abs": 1.3
    },
    {
      "id": "m0004",
      "s": 0.5789473684210527,
      "e": 0.757085020242915,
      "dur": 0.17813765182186236,
      "members": [
        "e0004#2"
      ],
      "text": "train pass by",
      "s_abs": 4.766666666666667,
      "e_abs": 6.233333333333333,
      "dur_abs": 1.4666666666666668
    }
  ],
  "meta": {
    "lane": "ref",
    "key": "ref4d_0596",
    "mode": "micro",
    "merge_config": {
      "tau_sem": 0.96,
      "gap_abs_sec": 1.01,
      "gap_norm_fallback": 0.1,
      "min_duration_norm": 0.0
    },
    "stats": {
      "num_input_items": 8,
      "num_kept_items": 8,
      "num_clusters": 4
    },
    "provenance": {
      "source_hash": "d4ad5073cf64"
    }
  }
}