{
  "events": [
    {
      "id": "m0001",
      "s": 0.0,
      "e": 0.5127118644067796,
      "dur": 0.5127118644067796,
      "members": [
        "e0001#1"
      ],
      "text": "car drive along road",
      "s_abs": 0.0,
      "e_abs": 4.033333333333333,
      "dur_abs": 4.033333333333333
    },
    {
      "id": "m0002",
      "s": 0.0,
      "e": 0.5127118644067796,
      "dur": 0.5127118644067796,
      "members": [
        "e0001#2"
      ],
      "text": "pedestrian cross street",
      "s_abs": 0.0,
      "e_abs": 4.033333333333333,
      "dur_abs": 4.033333333333333
    },
    {
      "id": "m0003",
      "s": 0.5127118644067796,
      "e": 1.0,
      "dur": 0.4872881355932204,
      "members": [
        "e0002#1",
        "e0003#1"
      ],
      "text": "mountain range remain still",
      "s_abs": 4.033333333333333,
      "e_abs": 7.866666666666666,
      "dur_abs": 3.833333333333333
    }
  ],
  "meta": {
    "lane": "ref",
    "key": "ref4d_0359",
    "mode": "micro",
    "merge_config": {
      "tau_sem": 0.96,
      "gap_abs_sec": 1.01,
      "gap_norm_fallback": 0.1,
      "min_duration_norm": 0.0
    },
    "stats": {
      "num_input_items": 4,
      "num_kept_items": 4,
      "num_clusters": 3
    },
    "provenance": {
      "source_hash": "68e759758c29"
    }
  }
}