{
  "events": [
    {
      "id": "m0001",
      "s": 0.0,
      "e": 0.265625,
      "dur": 0.265625,
      "members": [
        "e0001#1"
      ],
      "text": "person stand",
      "s_abs": 0.0,
      "e_abs": 1.7,
      "dur_abs": 1.7
    },
    {
      "id": "m0002",
      "s": 0.0,
      "e": 0.265625,
      "dur": 0.265625,
      "members": [
        "e0001#2"
      ],
      "text": "person move",
      "s_abs": 0.0,
      "e_abs": 1.7,
      "dur_abs": 1.7
    },
    {
      "id": "m0003",
      "s": 0.265625,
      "e": 0.49479166666666663,
      "dur": 0.22916666666666663,
      "members": [
        "e0002#1"
      ],
      "text": "person wave",
      "s_abs": 1.7,
      "e_abs": 3.1666666666666665,
      "dur_abs": 1.4666666666666666
    },
    {
      "id": "m0004",
      "s": 0.49479166666666663,
      "e": 1.0,
      "dur": 0.5052083333333334,
      "members": [
        "e0003#1"
      ],
      "text": "person stand",
      "s_abs": 3.1666666666666665,
      "e_abs": 6.4,
      "dur_abs": 3.233333333333334
    }
  ],
  "meta": {
    "lane": "ref",
    "key": "ref4d_0396",
    "mode": "micro",
    "merge_config": {
      "tau_sem": 0.96,
      "gap_abs_sec": 1.01,
      "gap_norm_fallback": 0.1,
      "min_duration_norm": 0.0
    },
    "stats": {
      "num_input_items": 4,
      "num_kept_items": 4,
      "num_clusters": 4
    },
    "provenance": {
      "source_hash": "5ccda9763aa6"
    }
  }
}