{
  "events": [
    {
      "id": "m0001",
      "s": 0.0,
      "e": 0.6887755102040817,
      "dur": 0.6887755102040817,
      "members": [
        "e0001#2",
        "e0002#2",
        "e0003#2"
      ],
      "text": "runner lead",
      "s_abs": 0.0,
      "e_abs": 4.5,
      "dur_abs": 4.5
    },
    {
      "id": "m0002",
      "s": 0.0,
      "e": 1.0,
      "dur": 1.0,
      "members": [
        "e0001#1",
        "e0002#1",
        "e0003#1",
        "e0004#1"
      ],
      "text": "runners run",
      "s_abs": 0.0,
      "e_abs": 6.533333333333333,
      "dur_abs": 6.533333333333333
    },
    {
      "id": "m0003",
      "s": 0.6887755102040817,
      "e": 1.0,
      "dur": 0.3112244897959183,
      "members": [
        "e0004#2"
      ],
      "text": "runners pass by grass",
      "s_abs": 4.5,
      "e_abs": 6.533333333333333,
      "dur_abs": 2.033333333333333
    }
  ],
  "meta": {
    "lane": "ref",
    "key": "ref4d_0467",
    "mode": "micro",
    "merge_config": {
      "tau_sem": 0.96,
      "gap_abs_sec": 1.01,
      "gap_norm_fallback": 0.1,
      "min_duration_norm": 0.0
    },
    "stats": {
      "num_input_items": 8,
      "num_kept_items": 8,
      "num_clusters": 3
    },
    "provenance": {
      "source_hash": "a966b90c3609"
    }
  }
}