{
  "events": [
    {
      "id": "m0001",
      "s": 0.0,
      "e": 0.6145038167938931,
      "dur": 0.6145038167938931,
      "members": [
        "e0001#2",
        "e0002#2",
        "e0003#2",
        "e0004#2"
      ],
      "text": "person lift leg",
      "s_abs": 0.0,
      "e_abs": 5.366666666666666,
      "dur_abs": 5.366666666666666
    },
    {
      "id": "m0002",
      "s": 0.0,
      "e": 1.0,
      "dur": 1.0,
      "members": [
        "e0001#1",
        "e0002#1",
        "e0003#1",
        "e0004#1",
        "e0005#1",
        "e0006#1",
        "e0007#1"
      ],
      "text": "person lie on machine",
      "s_abs": 0.0,
      "e_abs": 8.733333333333333,
      "dur_abs": 8.733333333333333
    },
    {
      "id": "m0003",
      "s": 0.6145038167938931,
      "e": 0.7709923664122138,
      "dur": 0.1564885496183207,
      "members": [
        "e0005#2"
      ],
      "text": "person put foot on pedal",
      "s_abs": 5.366666666666666,
      "e_abs": 6.733333333333333,
      "dur_abs": 1.3666666666666671
    },
    {
      "id": "m0004",
      "s": 0.7709923664122138,
      "e": 1.0,
      "dur": 0.2290076335877862,
      "members": [
        "e0006#2",
        "e0007#2"
      ],
      "text": "person lift legs",
      "s_abs": 6.733333333333333,
      "e_abs": 8.733333333333333,
      "dur_abs": 1.9999999999999991
    }
  ],
  "meta": {
    "lane": "ref",
    "key": "ref4d_0479",
    "mode": "micro",
    "merge_config": {
      "tau_sem": 0.96,
      "gap_abs_sec": 1.01,
      "gap_norm_fallback": 0.1,
      "min_duration_norm": 0.0
    },
    "stats": {
      "num_input_items": 14,
      "num_kept_items": 14,
      "num_clusters": 4
    },
    "provenance": {
      "source_hash": "21f992271b9e"
    }
  }
}