{
  "events": [
    {
      "id": "m0001",
      "s": 0.0,
      "e": 0.17898832684824906,
      "dur": 0.17898832684824906,
      "members": [
        "e0001#2"
      ],
      "text": "man touch beard",
      "s_abs": 0.0,
      "e_abs": 1.5333333333333334,
      "dur_abs": 1.5333333333333334
    },
    {
      "id": "m0002",
      "s": 0.0,
      "e": 1.0,
      "dur": 1.0,
      "members": [
        "e0001#1",
        "e0002#1",
        "e0003#1",
        "e0004#1"
      ],
      "text": "man hold cup",
      "s_abs": 0.0,
      "e_abs": 8.566666666666666,
      "dur_abs": 8.566666666666666
    },
    {
      "id": "m0003",
      "s": 0.17898832684824906,
      "e": 0.8793774319066148,
      "dur": 0.7003891050583657,
      "members": [
        "e0002#2",
        "e0003#2"
      ],
      "text": "man talk",
      "s_abs": 1.5333333333333334,
      "e_abs": 7.533333333333333,
      "dur_abs": 6.0
    },
    {
      "id": "m0004",
      "s": 0.8793774319066148,
      "e": 1.0,
      "dur": 0.12062256809338523,
      "members": [
        "e0004#2"
      ],
      "text": "man gesture",
      "s_abs": 7.533333333333333,
      "e_abs": 8.566666666666666,
      "dur_abs": 1.0333333333333332
    }
  ],
  "meta": {
    "lane": "ref",
    "key": "ref4d_0417",
    "mode": "micro",
    "merge_config": {
      "tau_sem": 0.96,
      "gap_abs_sec": 1.01,
      "gap_norm_fallback": 0.1,
      "min_duration_norm": 0.0
    },
    "stats": {
      "num_input_items": 8,
      "num_kept_items": 8,
      "num_clusters": 4
    },
    "provenance": {
      "source_hash": "55e3c2e551ba"
    }
  }
}