{
  "events": [
    {
      "id": "m0001",
      "s": 0.0,
      "e": 0.29797979797979796,
      "dur": 0.29797979797979796,
      "members": [
        "e0001#1",
        "e0001#2"
      ],
      "text": "bird fly",
      "s_abs": 0.0,
      "e_abs": 1.9666666666666666,
      "dur_abs": 1.9666666666666666
    },
    {
      "id": "m0002",
      "s": 0.29797979797979796,
      "e": 0.787878787878788,
      "dur": 0.48989898989899,
      "members": [
        "e0002#2",
        "e0003#2"
      ],
      "text": "seagulls soar above",
      "s_abs": 1.9666666666666666,
      "e_abs": 5.2,
      "dur_abs": 3.2333333333333334
    },
    {
      "id": "m0003",
      "s": 0.29797979797979796,
      "e": 1.0,
      "dur": 0.702020202020202,
      "members": [
        "e0002#1",
        "e0003#1",
        "e0004#1",
        "e0004#2"
      ],
      "text": "birds fly in sky",
      "s_abs": 1.9666666666666666,
      "e_abs": 6.6,
      "dur_abs": 4.633333333333333
    }
  ],
  "meta": {
    "lane": "ref",
    "key": "ref4d_0159",
    "mode": "micro",
    "merge_config": {
      "tau_sem": 0.96,
      "gap_abs_sec": 1.01,
      "gap_norm_fallback": 0.1,
      "min_duration_norm": 0.0
    },
    "stats": {
      "num_input_items": 8,
      "num_kept_items": 8,
      "num_clusters": 3
    },
    "provenance": {
      "source_hash": "21891c185bf1"
    }
  }
}