{
  "events": [
    {
      "id": "m0001",
      "s": 0.0,
      "e": 0.8971061093247589,
      "dur": 0.8971061093247589,
      "members": [
        "e0001#2",
        "e0002#2",
        "e0003#2",
        "e0004#2"
      ],
      "text": "table stand",
      "s_abs": 0.0,
      "e_abs": 9.3,
      "dur_abs": 9.3
    },
    {
      "id": "m0002",
      "s": 0.0,
      "e": 1.0,
      "dur": 1.0,
      "members": [
        "e0001#1",
        "e0002#1",
        "e0003#1",
        "e0004#1",
        "e0005#1"
      ],
      "text": "sofa sit",
      "s_abs": 0.0,
      "e_abs": 10.366666666666667,
      "dur_abs": 10.366666666666667
    },
    {
      "id": "m0003",
      "s": 0.8971061093247589,
      "e": 1.0,
      "dur": 0.10289389067524113,
      "members": [
        "e0005#2"
      ],
      "text": "lantern hang",
      "s_abs": 9.3,
      "e_abs": 10.366666666666667,
      "dur_abs": 1.0666666666666664
    }
  ],
  "meta": {
    "lane": "ref",
    "key": "ref4d_0139",
    "mode": "micro",
    "merge_config": {
      "tau_sem": 0.96,
      "gap_abs_sec": 1.01,
      "gap_norm_fallback": 0.1,
      "min_duration_norm": 0.0
    },
    "stats": {
      "num_input_items": 10,
      "num_kept_items": 10,
      "num_clusters": 3
    },
    "provenance": {
      "source_hash": "cd6c3bc2c80a"
    }
  }
}