{
  "events": [
    {
      "id": "m0001",
      "s": 0.0,
      "e": 0.7696078431372549,
      "dur": 0.7696078431372549,
      "members": [
        "e0001#2",
        "e0002#2",
        "e0003#2"
      ],
      "text": "flamingo stand",
      "s_abs": 0.0,
      "e_abs": 5.233333333333333,
      "dur_abs": 5.233333333333333
    },
    {
      "id": "m0002",
      "s": 0.0,
      "e": 1.0,
      "dur": 1.0,
      "members": [
        "e0001#1",
        "e0002#1",
        "e0003#1",
        "e0004#1"
      ],
      "text": "flamingo flap wings",
      "s_abs": 0.0,
      "e_abs": 6.8,
      "dur_abs": 6.8
    },
    {
      "id": "m0003",
      "s": 0.7696078431372549,
      "e": 1.0,
      "dur": 0.23039215686274506,
      "members": [
        "e0004#2"
      ],
      "text": "flamingo walk",
      "s_abs": 5.233333333333333,
      "e_abs": 6.8,
      "dur_abs": 1.5666666666666664
    }
  ],
  "meta": {
    "lane": "ref",
    "key": "ref4d_0073",
    "mode": "micro",
    "merge_config": {
      "tau_sem": 0.96,
      "gap_abs_sec": 1.01,
      "gap_norm_fallback": 0.1,
      "min_duration_norm": 0.0
    },
    "stats": {
      "num_input_items": 8,
      "num_kept_items": 8,
      "num_clusters": 3
    },
    "provenance": {
      "source_hash": "d1ca328bb1ec"
    }
  }
}