{
  "events": [
    {
      "id": "m0001",
      "s": 0.0,
      "e": 0.3494623655913978,
      "dur": 0.3494623655913978,
      "members": [
        "e0001#2"
      ],
      "text": "beetle move",
      "s_abs": 0.0,
      "e_abs": 2.1666666666666665,
      "dur_abs": 2.1666666666666665
    },
    {
      "id": "m0002",
      "s": 0.0,
      "e": 1.0,
      "dur": 1.0,
      "members": [
        "e0001#1",
        "e0002#1",
        "e0003#2"
      ],
      "text": "hand hold beetle",
      "s_abs": 0.0,
      "e_abs": 6.2,
      "dur_abs": 6.2
    },
    {
      "id": "m0003",
      "s": 0.3494623655913978,
      "e": 0.6612903225806451,
      "dur": 0.3118279569892473,
      "members": [
        "e0002#2"
      ],
      "text": "insect move on hand",
      "s_abs": 2.1666666666666665,
      "e_abs": 4.1,
      "dur_abs": 1.9333333333333331
    },
    {
      "id": "m0004",
      "s": 0.6612903225806451,
      "e": 1.0,
      "dur": 0.33870967741935487,
      "members": [
        "e0003#1"
      ],
      "text": "insect walk",
      "s_abs": 4.1,
      "e_abs": 6.2,
      "dur_abs": 2.1000000000000005
    }
  ],
  "meta": {
    "lane": "ref",
    "key": "ref4d_0022",
    "mode": "micro",
    "merge_config": {
      "tau_sem": 0.96,
      "gap_abs_sec": 1.01,
      "gap_norm_fallback": 0.1,
      "min_duration_norm": 0.0
    },
    "stats": {
      "num_input_items": 6,
      "num_kept_items": 6,
      "num_clusters": 4
    },
    "provenance": {
      "source_hash": "0b275e5b4de7"
    }
  }
}