{
  "events": [
    {
      "id": "m0001",
      "s": 0.0,
      "e": 0.12000000000000002,
      "dur": 0.12000000000000002,
      "members": [
        "e0001#2"
      ],
      "text": "person stand",
      "s_abs": 0.0,
      "e_abs": 1.1,
      "dur_abs": 1.1
    },
    {
      "id": "m0002",
      "s": 0.0,
      "e": 1.0,
      "dur": 1.0,
      "members": [
        "e0001#1",
        "e0002#1",
        "e0003#1",
        "e0004#1",
        "e0005#1",
        "e0006#1"
      ],
      "text": "person kick ball",
      "s_abs": 0.0,
      "e_abs": 9.166666666666666,
      "dur_abs": 9.166666666666666
    },
    {
      "id": "m0003",
      "s": 0.12000000000000002,
      "e": 0.7890909090909092,
      "dur": 0.6690909090909092,
      "members": [
        "e0002#2",
        "e0003#2",
        "e0004#2",
        "e0005#2"
      ],
      "text": "person chase ball",
      "s_abs": 1.1,
      "e_abs": 7.233333333333333,
      "dur_abs": 6.133333333333333
    },
    {
      "id": "m0004",
      "s": 0.7890909090909092,
      "e": 1.0,
      "dur": 0.21090909090909082,
      "members": [
        "e0006#2"
      ],
      "text": "person run",
      "s_abs": 7.233333333333333,
      "e_abs": 9.166666666666666,
      "dur_abs": 1.9333333333333327
    }
  ],
  "meta": {
    "lane": "ref",
    "key": "ref4d_0464",
    "mode": "micro",
    "merge_config": {
      "tau_sem": 0.96,
      "gap_abs_sec": 1.01,
      "gap_norm_fallback": 0.1,
      "min_duration_norm": 0.0
    },
    "stats": {
      "num_input_items": 12,
      "num_kept_items": 12,
      "num_clusters": 4
    },
    "provenance": {
      "source_hash": "7f0eb25d3a4e"
    }
  }
}