{
  "events": [
    {
      "id": "m0001",
      "s": 0.0,
      "e": 0.49845201238390086,
      "dur": 0.49845201238390086,
      "members": [
        "e0001#1"
      ],
      "text": "cat lie",
      "s_abs": 0.0,
      "e_abs": 5.366666666666666,
      "dur_abs": 5.366666666666666
    },
    {
      "id": "m0002",
      "s": 0.49845201238390086,
      "e": 1.0,
      "dur": 0.5015479876160991,
      "members": [
        "e0002#1"
      ],
      "text": "cat lie down",
      "s_abs": 5.366666666666666,
      "e_abs": 10.766666666666667,
      "dur_abs": 5.400000000000001
    }
  ],
  "meta": {
    "lane": "ref",
    "key": "ref4d_0055",
    "mode": "micro",
    "merge_config": {
      "tau_sem": 0.96,
      "gap_abs_sec": 1.01,
      "gap_norm_fallback": 0.1,
      "min_duration_norm": 0.0
    },
    "stats": {
      "num_input_items": 2,
      "num_kept_items": 2,
      "num_clusters": 2
    },
    "provenance": {
      "source_hash": "9d6cb7fb3abf"
    }
  }
}