{
  "events": [
    {
      "id": "m0001",
      "s": 0.0,
      "e": 0.3936651583710407,
      "dur": 0.3936651583710407,
      "members": [
        "e0001#1",
        "e0002#1"
      ],
      "text": "crowd stand",
      "s_abs": 0.0,
      "e_abs": 2.9,
      "dur_abs": 2.9
    },
    {
      "id": "m0002",
      "s": 0.0,
      "e": 0.3936651583710407,
      "dur": 0.3936651583710407,
      "members": [
        "e0001#2",
        "e0002#2"
      ],
      "text": "guard march",
      "s_abs": 0.0,
      "e_abs": 2.9,
      "dur_abs": 2.9
    },
    {
      "id": "m0003",
      "s": 0.3936651583710407,
      "e": 1.0,
      "dur": 0.6063348416289593,
      "members": [
        "e0003#1",
        "e0004#1"
      ],
      "text": "guard stand",
      "s_abs": 2.9,
      "e_abs": 7.366666666666666,
      "dur_abs": 4.466666666666667
    },
    {
      "id": "m0004",
      "s": 0.3936651583710407,
      "e": 1.0,
      "dur": 0.6063348416289593,
      "members": [
        "e0003#2",
        "e0004#2"
      ],
      "text": "crowd watch",
      "s_abs": 2.9,
      "e_abs": 7.366666666666666,
      "dur_abs": 4.466666666666667
    }
  ],
  "meta": {
    "lane": "ref",
    "key": "ref4d_0104",
    "mode": "micro",
    "merge_config": {
      "tau_sem": 0.96,
      "gap_abs_sec": 1.01,
      "gap_norm_fallback": 0.1,
      "min_duration_norm": 0.0
    },
    "stats": {
      "num_input_items": 8,
      "num_kept_items": 8,
      "num_clusters": 4
    },
    "provenance": {
      "source_hash": "18efba6ea7eb"
    }
  }
}