{
  "events": [
    {
      "id": "m0001",
      "s": 0.0,
      "e": 0.304635761589404,
      "dur": 0.304635761589404,
      "members": [
        "e0001#1"
      ],
      "text": "snowboarder slide down slope",
      "s_abs": 0.0,
      "e_abs": 1.5333333333333334,
      "dur_abs": 1.5333333333333334
    },
    {
      "id": "m0002",
      "s": 0.0,
      "e": 1.0,
      "dur": 1.0,
      "members": [
        "e0001#2",
        "e0002#1",
        "e0003#1"
      ],
      "text": "snowboarder jump up",
      "s_abs": 0.0,
      "e_abs": 5.033333333333333,
      "dur_abs": 5.033333333333333
    },
    {
      "id": "m0003",
      "s": 0.304635761589404,
      "e": 1.0,
      "dur": 0.695364238410596,
      "members": [
        "e0002#2",
        "e0003#2"
      ],
      "text": "snowboarder land",
      "s_abs": 1.5333333333333334,
      "e_abs": 5.033333333333333,
      "dur_abs": 3.5
    }
  ],
  "meta": {
    "lane": "ref",
    "key": "ref4d_0491",
    "mode": "micro",
    "merge_config": {
      "tau_sem": 0.96,
      "gap_abs_sec": 1.01,
      "gap_norm_fallback": 0.1,
      "min_duration_norm": 0.0
    },
    "stats": {
      "num_input_items": 6,
      "num_kept_items": 6,
      "num_clusters": 3
    },
    "provenance": {
      "source_hash": "eca5f58a6cde"
    }
  }
}