{
  "events": [
    {
      "id": "m0001",
      "s": 0.0,
      "e": 0.07900677200902935,
      "dur": 0.07900677200902935,
      "members": [
        "e0001#2"
      ],
      "text": "food fall onto plate",
      "s_abs": 0.0,
      "e_abs": 1.1666666666666667,
      "dur_abs": 1.1666666666666667
    },
    {
      "id": "m0002",
      "s": 0.0,
      "e": 1.0,
      "dur": 1.0,
      "members": [
        "e0001#1",
        "e0002#1",
        "e0003#1"
      ],
      "text": "person pour food",
      "s_abs": 0.0,
      "e_abs": 14.766666666666667,
      "dur_abs": 14.766666666666667
    },
    {
      "id": "m0003",
      "s": 0.5349887133182845,
      "e": 1.0,
      "dur": 0.46501128668171554,
      "members": [
        "e0003#2"
      ],
      "text": "person place plate on counter",
      "s_abs": 7.9,
      "e_abs": 14.766666666666667,
      "dur_abs": 6.866666666666667
    }
  ],
  "meta": {
    "lane": "ref",
    "key": "ref4d_0202",
    "mode": "micro",
    "merge_config": {
      "tau_sem": 0.96,
      "gap_abs_sec": 1.01,
      "gap_norm_fallback": 0.1,
      "min_duration_norm": 0.0
    },
    "stats": {
      "num_input_items": 5,
      "num_kept_items": 5,
      "num_clusters": 3
    },
    "provenance": {
      "source_hash": "eab0b381ce6d"
    }
  }
}