{
  "events": [
    {
      "id": "m0001",
      "s": 0.0,
      "e": 0.6861702127659575,
      "dur": 0.6861702127659575,
      "members": [
        "e0001#1",
        "e0002#1",
        "e0003#1"
      ],
      "text": "man laugh",
      "s_abs": 0.0,
      "e_abs": 4.3,
      "dur_abs": 4.3
    },
    {
      "id": "m0002",
      "s": 0.6861702127659575,
      "e": 1.0,
      "dur": 0.31382978723404253,
      "members": [
        "e0004#1"
      ],
      "text": "man stand",
      "s_abs": 4.3,
      "e_abs": 6.266666666666667,
      "dur_abs": 1.9666666666666668
    }
  ],
  "meta": {
    "lane": "ref",
    "key": "ref4d_0433",
    "mode": "micro",
    "merge_config": {
      "tau_sem": 0.96,
      "gap_abs_sec": 1.01,
      "gap_norm_fallback": 0.1,
      "min_duration_norm": 0.0
    },
    "stats": {
      "num_input_items": 4,
      "num_kept_items": 4,
      "num_clusters": 2
    },
    "provenance": {
      "source_hash": "e9b3c4de7423"
    }
  }
}