{
  "events": [
    {
      "id": "m0001",
      "s": 0.0,
      "e": 0.37158469945355194,
      "dur": 0.37158469945355194,
      "members": [
        "e0001#2",
        "e0002#2"
      ],
      "text": "steak cook",
      "s_abs": 0.0,
      "e_abs": 2.2666666666666666,
      "dur_abs": 2.2666666666666666
    },
    {
      "id": "m0002",
      "s": 0.0,
      "e": 1.0,
      "dur": 1.0,
      "members": [
        "e0001#1",
        "e0002#1",
        "e0003#1",
        "e0004#1",
        "e0005#1"
      ],
      "text": "steak grill",
      "s_abs": 0.0,
      "e_abs": 6.1,
      "dur_abs": 6.1
    },
    {
      "id": "m0003",
      "s": 0.37158469945355194,
      "e": 0.6557377049180328,
      "dur": 0.2841530054644809,
      "members": [
        "e0003#2"
      ],
      "text": "steak smoke",
      "s_abs": 2.2666666666666666,
      "e_abs": 4.0,
      "dur_abs": 1.7333333333333334
    },
    {
      "id": "m0004",
      "s": 0.6557377049180328,
      "e": 1.0,
      "dur": 0.34426229508196715,
      "members": [
        "e0004#2",
        "e0005#2"
      ],
      "text": "steak cook",
      "s_abs": 4.0,
      "e_abs": 6.1,
      "dur_abs": 2.0999999999999996
    }
  ],
  "meta": {
    "lane": "ref",
    "key": "ref4d_0229",
    "mode": "micro",
    "merge_config": {
      "tau_sem": 0.96,
      "gap_abs_sec": 1.01,
      "gap_norm_fallback": 0.1,
      "min_duration_norm": 0.0
    },
    "stats": {
      "num_input_items": 10,
      "num_kept_items": 10,
      "num_clusters": 4
    },
    "provenance": {
      "source_hash": "754f61e85be9"
    }
  }
}