{
  "events": [
    {
      "id": "m0001",
      "s": 0.0,
      "e": 1.0,
      "dur": 1.0,
      "members": [
        "e0001#1",
        "e0001#2",
        "e0002#1",
        "e0003#1",
        "e0003#2",
        "e0004#1"
      ],
      "text": "person hold box",
      "s_abs": 0.0,
      "e_abs": 7.133333333333334,
      "dur_abs": 7.133333333333334
    },
    {
      "id": "m0002",
      "s": 0.29439252336448596,
      "e": 0.5607476635514018,
      "dur": 0.26635514018691586,
      "members": [
        "e0002#2"
      ],
      "text": "person peel off sticker",
      "s_abs": 2.1,
      "e_abs": 4.0,
      "dur_abs": 1.9
    },
    {
      "id": "m0003",
      "s": 0.8224299065420559,
      "e": 1.0,
      "dur": 0.17757009345794406,
      "members": [
        "e0004#2"
      ],
      "text": "person peel off sticker",
      "s_abs": 5.866666666666666,
      "e_abs": 7.133333333333334,
      "dur_abs": 1.2666666666666675
    }
  ],
  "meta": {
    "lane": "ref",
    "key": "ref4d_0166",
    "mode": "micro",
    "merge_config": {
      "tau_sem": 0.96,
      "gap_abs_sec": 1.01,
      "gap_norm_fallback": 0.1,
      "min_duration_norm": 0.0
    },
    "stats": {
      "num_input_items": 8,
      "num_kept_items": 8,
      "num_clusters": 3
    },
    "provenance": {
      "source_hash": "d902eb096281"
    }
  }
}