{
  "events": [
    {
      "id": "m0001",
      "s": 0.0,
      "e": 0.8356164383561644,
      "dur": 0.8356164383561644,
      "members": [
        "e0001#1",
        "e0002#1"
      ],
      "text": "adult gorilla stand",
      "s_abs": 0.0,
      "e_abs": 8.133333333333333,
      "dur_abs": 8.133333333333333
    },
    {
      "id": "m0002",
      "s": 0.0,
      "e": 1.0,
      "dur": 1.0,
      "members": [
        "e0001#2",
        "e0002#2",
        "e0003#1"
      ],
      "text": "baby gorilla walk",
      "s_abs": 0.0,
      "e_abs": 9.733333333333333,
      "dur_abs": 9.733333333333333
    },
    {
      "id": "m0003",
      "s": 0.8356164383561644,
      "e": 1.0,
      "dur": 0.1643835616438356,
      "members": [
        "e0003#2"
      ],
      "text": "baby gorilla hold",
      "s_abs": 8.133333333333333,
      "e_abs": 9.733333333333333,
      "dur_abs": 1.5999999999999996
    }
  ],
  "meta": {
    "lane": "ref",
    "key": "ref4d_0015",
    "mode": "micro",
    "merge_config": {
      "tau_sem": 0.96,
      "gap_abs_sec": 1.01,
      "gap_norm_fallback": 0.1,
      "min_duration_norm": 0.0
    },
    "stats": {
      "num_input_items": 6,
      "num_kept_items": 6,
      "num_clusters": 3
    },
    "provenance": {
      "source_hash": "89af4bd054a3"
    }
  }
}