{
  "events": [
    {
      "id": "m0001",
      "s": 0.0,
      "e": 0.783625730994152,
      "dur": 0.783625730994152,
      "members": [
        "e0001#1",
        "e0002#1",
        "e0003#1",
        "e0004#1"
      ],
      "text": "man and woman dance",
      "s_abs": 0.0,
      "e_abs": 4.466666666666667,
      "dur_abs": 4.466666666666667
    },
    {
      "id": "m0002",
      "s": 0.0,
      "e": 1.0,
      "dur": 1.0,
      "members": [
        "e0001#2",
        "e0002#2",
        "e0004#2",
        "e0005#2"
      ],
      "text": "man twirls woman",
      "s_abs": 0.0,
      "e_abs": 5.7,
      "dur_abs": 5.7
    },
    {
      "id": "m0003",
      "s": 0.43274853801169594,
      "e": 1.0,
      "dur": 0.567251461988304,
      "members": [
        "e0003#2",
        "e0005#1"
      ],
      "text": "man holds woman's hand",
      "s_abs": 2.466666666666667,
      "e_abs": 5.7,
      "dur_abs": 3.2333333333333334
    }
  ],
  "meta": {
    "lane": "ref",
    "key": "ref4d_0422",
    "mode": "micro",
    "merge_config": {
      "tau_sem": 0.96,
      "gap_abs_sec": 1.01,
      "gap_norm_fallback": 0.1,
      "min_duration_norm": 0.0
    },
    "stats": {
      "num_input_items": 10,
      "num_kept_items": 10,
      "num_clusters": 3
    },
    "provenance": {
      "source_hash": "d871e644863d"
    }
  }
}