{
  "events": [
    {
      "id": "m0001",
      "s": 0.0,
      "e": 0.6631578947368422,
      "dur": 0.6631578947368422,
      "members": [
        "e0001#1",
        "e0001#2"
      ],
      "text": "cyclist stop at intersection",
      "s_abs": 0.0,
      "e_abs": 4.2,
      "dur_abs": 4.2
    },
    {
      "id": "m0002",
      "s": 0.6631578947368422,
      "e": 1.0,
      "dur": 0.33684210526315783,
      "members": [
        "e0002#1"
      ],
      "text": "car drive along road",
      "s_abs": 4.2,
      "e_abs": 6.333333333333333,
      "dur_abs": 2.133333333333333
    },
    {
      "id": "m0003",
      "s": 0.6631578947368422,
      "e": 1.0,
      "dur": 0.33684210526315783,
      "members": [
        "e0002#2"
      ],
      "text": "cyclist cross intersection",
      "s_abs": 4.2,
      "e_abs": 6.333333333333333,
      "dur_abs": 2.133333333333333
    }
  ],
  "meta": {
    "lane": "ref",
    "key": "ref4d_0524",
    "mode": "micro",
    "merge_config": {
      "tau_sem": 0.96,
      "gap_abs_sec": 1.01,
      "gap_norm_fallback": 0.1,
      "min_duration_norm": 0.0
    },
    "stats": {
      "num_input_items": 4,
      "num_kept_items": 4,
      "num_clusters": 3
    },
    "provenance": {
      "source_hash": "f378d28e6c02"
    }
  }
}
