{
  "events": [
    {
      "id": "m0001",
      "s": 0.0,
      "e": 0.22115384615384617,
      "dur": 0.22115384615384617,
      "members": [
        "e0001#2"
      ],
      "text": "ball fly",
      "s_abs": 0.0,
      "e_abs": 1.5333333333333334,
      "dur_abs": 1.5333333333333334
    },
    {
      "id": "m0002",
      "s": 0.0,
      "e": 1.0,
      "dur": 1.0,
      "members": [
        "e0001#1",
        "e0002#1",
        "e0002#2",
        "e0003#1",
        "e0003#2",
        "e0004#2"
      ],
      "text": "person throw ball",
      "s_abs": 0.0,
      "e_abs": 6.933333333333334,
      "dur_abs": 6.933333333333334
    },
    {
      "id": "m0003",
      "s": 0.7884615384615384,
      "e": 1.0,
      "dur": 0.21153846153846156,
      "members": [
        "e0004#1"
      ],
      "text": "person run",
      "s_abs": 5.466666666666667,
      "e_abs": 6.933333333333334,
      "dur_abs": 1.4666666666666668
    }
  ],
  "meta": {
    "lane": "ref",
    "key": "ref4d_0510",
    "mode": "micro",
    "merge_config": {
      "tau_sem": 0.96,
      "gap_abs_sec": 1.01,
      "gap_norm_fallback": 0.1,
      "min_duration_norm": 0.0
    },
    "stats": {
      "num_input_items": 8,
      "num_kept_items": 8,
      "num_clusters": 3
    },
    "provenance": {
      "source_hash": "bd484cc34b7c"
    }
  }
}