{
  "events": [
    {
      "id": "m0001",
      "s": 0.0,
      "e": 0.15503875968992248,
      "dur": 0.15503875968992248,
      "members": [
        "e0001#1"
      ],
      "text": "building stand",
      "s_abs": 0.0,
      "e_abs": 1.3333333333333333,
      "dur_abs": 1.3333333333333333
    },
    {
      "id": "m0002",
      "s": 0.15503875968992248,
      "e": 1.0,
      "dur": 0.8449612403100775,
      "members": [
        "e0002#1",
        "e0003#1",
        "e0004#1"
      ],
      "text": "building remain still",
      "s_abs": 1.3333333333333333,
      "e_abs": 8.6,
      "dur_abs": 7.266666666666667
    }
  ],
  "meta": {
    "lane": "ref",
    "key": "ref4d_0154",
    "mode": "micro",
    "merge_config": {
      "tau_sem": 0.96,
      "gap_abs_sec": 1.01,
      "gap_norm_fallback": 0.1,
      "min_duration_norm": 0.0
    },
    "stats": {
      "num_input_items": 4,
      "num_kept_items": 4,
      "num_clusters": 2
    },
    "provenance": {
      "source_hash": "f39775167aa5"
    }
  }
}