{
  "events": [
    {
      "id": "m0001",
      "s": 0.0,
      "e": 0.1282051282051282,
      "dur": 0.1282051282051282,
      "members": [
        "e0001#1",
        "e0001#2"
      ],
      "text": "person pour sauce",
      "s_abs": 0.0,
      "e_abs": 0.6666666666666666,
      "dur_abs": 0.6666666666666666
    },
    {
      "id": "m0002",
      "s": 0.1282051282051282,
      "e": 0.34615384615384615,
      "dur": 0.21794871794871795,
      "members": [
        "e0002#1",
        "e0002#2"
      ],
      "text": "person pour olive oil",
      "s_abs": 0.6666666666666666,
      "e_abs": 1.8,
      "dur_abs": 1.1333333333333333
    },
    {
      "id": "m0003",
      "s": 0.1282051282051282,
      "e": 0.34615384615384615,
      "dur": 0.21794871794871795,
      "members": [
        "e0002#3"
      ],
      "text": "person add butter",
      "s_abs": 0.6666666666666666,
      "e_abs": 1.8,
      "dur_abs": 1.1333333333333333
    },
    {
      "id": "m0004",
      "s": 0.34615384615384615,
      "e": 1.0,
      "dur": 0.6538461538461539,
      "members": [
        "e0003#1",
        "e0003#2",
        "e0004#1",
        "e0004#2",
        "e0005#1",
        "e0005#2"
      ],
      "text": "person slice meat",
      "s_abs": 1.8,
      "e_abs": 5.2,
      "dur_abs": 3.4000000000000004
    }
  ],
  "meta": {
    "lane": "ref",
    "key": "ref4d_0205",
    "mode": "micro",
    "merge_config": {
      "tau_sem": 0.96,
      "gap_abs_sec": 1.01,
      "gap_norm_fallback": 0.1,
      "min_duration_norm": 0.0
    },
    "stats": {
      "num_input_items": 11,
      "num_kept_items": 11,
      "num_clusters": 4
    },
    "provenance": {
      "source_hash": "e67a92972084"
    }
  }
}