{
  "events": [
    {
      "id": "m0001",
      "s": 0.0,
      "e": 0.3432203389830509,
      "dur": 0.3432203389830509,
      "members": [
        "e0001#2"
      ],
      "text": "fish eat",
      "s_abs": 0.0,
      "e_abs": 2.7,
      "dur_abs": 2.7
    },
    {
      "id": "m0002",
      "s": 0.0,
      "e": 1.0,
      "dur": 1.0,
      "members": [
        "e0001#1",
        "e0002#1",
        "e0002#2",
        "e0003#1",
        "e0004#1"
      ],
      "text": "fish swim",
      "s_abs": 0.0,
      "e_abs": 7.866666666666666,
      "dur_abs": 7.866666666666666
    },
    {
      "id": "m0003",
      "s": 0.5932203389830509,
      "e": 1.0,
      "dur": 0.40677966101694907,
      "members": [
        "e0003#2",
        "e0004#2"
      ],
      "text": "coral sway",
      "s_abs": 4.666666666666667,
      "e_abs": 7.866666666666666,
      "dur_abs": 3.1999999999999993
    }
  ],
  "meta": {
    "lane": "ref",
    "key": "ref4d_0080",
    "mode": "micro",
    "merge_config": {
      "tau_sem": 0.96,
      "gap_abs_sec": 1.01,
      "gap_norm_fallback": 0.1,
      "min_duration_norm": 0.0
    },
    "stats": {
      "num_input_items": 8,
      "num_kept_items": 8,
      "num_clusters": 3
    },
    "provenance": {
      "source_hash": "29af6417bc08"
    }
  }
}