{
  "events": [
    {
      "id": "m0001",
      "s": 0.0,
      "e": 0.16602316602316602,
      "dur": 0.16602316602316602,
      "members": [
        "e0001#1"
      ],
      "text": "motorcycle drive down road",
      "s_abs": 0.0,
      "e_abs": 1.4333333333333333,
      "dur_abs": 1.4333333333333333
    },
    {
      "id": "m0002",
      "s": 0.0,
      "e": 1.0,
      "dur": 1.0,
      "members": [
        "e0001#2",
        "e0002#1",
        "e0003#1",
        "e0004#1"
      ],
      "text": "car drive down street",
      "s_abs": 0.0,
      "e_abs": 8.633333333333333,
      "dur_abs": 8.633333333333333
    },
    {
      "id": "m0003",
      "s": 0.16602316602316602,
      "e": 1.0,
      "dur": 0.833976833976834,
      "members": [
        "e0002#2",
        "e0003#2",
        "e0004#2"
      ],
      "text": "pedestrian cross street",
      "s_abs": 1.4333333333333333,
      "e_abs": 8.633333333333333,
      "dur_abs": 7.199999999999999
    }
  ],
  "meta": {
    "lane": "ref",
    "key": "ref4d_0575",
    "mode": "micro",
    "merge_config": {
      "tau_sem": 0.96,
      "gap_abs_sec": 1.01,
      "gap_norm_fallback": 0.1,
      "min_duration_norm": 0.0
    },
    "stats": {
      "num_input_items": 8,
      "num_kept_items": 8,
      "num_clusters": 3
    },
    "provenance": {
      "source_hash": "6fdf4fdbe946"
    }
  }
}