{
  "events": [
    {
      "id": "m0001",
      "s": 0.0,
      "e": 0.3464566929133859,
      "dur": 0.3464566929133859,
      "members": [
        "e0001#1",
        "e0002#1",
        "e0003#1"
      ],
      "text": "no events",
      "s_abs": 0.0,
      "e_abs": 4.4,
      "dur_abs": 4.4
    },
    {
      "id": "m0002",
      "s": 0.3464566929133859,
      "e": 0.8031496062992126,
      "dur": 0.45669291338582674,
      "members": [
        "e0004#1",
        "e0005#1",
        "e0006#1"
      ],
      "text": "building remain still",
      "s_abs": 4.4,
      "e_abs": 10.2,
      "dur_abs": 5.799999999999999
    },
    {
      "id": "m0003",
      "s": 0.49868766404199477,
      "e": 0.6404199475065617,
      "dur": 0.14173228346456695,
      "members": [
        "e0005#2"
      ],
      "text": "car move slowly",
      "s_abs": 6.333333333333333,
      "e_abs": 8.133333333333333,
      "dur_abs": 1.7999999999999998
    },
    {
      "id": "m0004",
      "s": 0.8031496062992126,
      "e": 1.0,
      "dur": 0.19685039370078738,
      "members": [
        "e0007#1",
        "e0008#1",
        "e0008#2"
      ],
      "text": "person cut fabric",
      "s_abs": 10.2,
      "e_abs": 12.7,
      "dur_abs": 2.5
    }
  ],
  "meta": {
    "lane": "ref",
    "key": "ref4d_0189",
    "mode": "micro",
    "merge_config": {
      "tau_sem": 0.96,
      "gap_abs_sec": 1.01,
      "gap_norm_fallback": 0.1,
      "min_duration_norm": 0.0
    },
    "stats": {
      "num_input_items": 10,
      "num_kept_items": 10,
      "num_clusters": 4
    },
    "provenance": {
      "source_hash": "42acacb52fe4"
    }
  }
}