{
  "events": [
    {
      "id": "m0001",
      "s": 0.0,
      "e": 0.5309446254071661,
      "dur": 0.5309446254071661,
      "members": [
        "e0001#1"
      ],
      "text": "building stand",
      "s_abs": 0.0,
      "e_abs": 5.433333333333334,
      "dur_abs": 5.433333333333334
    },
    {
      "id": "m0002",
      "s": 0.5309446254071661,
      "e": 1.0,
      "dur": 0.46905537459283386,
      "members": [
        "e0002#1"
      ],
      "text": "no events",
      "s_abs": 5.433333333333334,
      "e_abs": 10.233333333333333,
      "dur_abs": 4.799999999999999
    }
  ],
  "meta": {
    "lane": "ref",
    "key": "ref4d_0125",
    "mode": "micro",
    "merge_config": {
      "tau_sem": 0.96,
      "gap_abs_sec": 1.01,
      "gap_norm_fallback": 0.1,
      "min_duration_norm": 0.0
    },
    "stats": {
      "num_input_items": 2,
      "num_kept_items": 2,
      "num_clusters": 2
    },
    "provenance": {
      "source_hash": "9b0a987c872a"
    }
  }
}