{
  "events": [
    {
      "id": "m0001",
      "s": 0.0,
      "e": 0.4958217270194986,
      "dur": 0.4958217270194986,
      "members": [
        "e0001#1",
        "e0002#1"
      ],
      "text": "person stand",
      "s_abs": 0.0,
      "e_abs": 5.933333333333334,
      "dur_abs": 5.933333333333334
    },
    {
      "id": "m0002",
      "s": 0.4958217270194986,
      "e": 0.871866295264624,
      "dur": 0.3760445682451254,
      "members": [
        "e0003#2"
      ],
      "text": "person hold flag",
      "s_abs": 5.933333333333334,
      "e_abs": 10.433333333333334,
      "dur_abs": 4.5
    },
    {
      "id": "m0003",
      "s": 0.4958217270194986,
      "e": 1.0,
      "dur": 0.5041782729805013,
      "members": [
        "e0003#1",
        "e0004#1"
      ],
      "text": "group march",
      "s_abs": 5.933333333333334,
      "e_abs": 11.966666666666667,
      "dur_abs": 6.033333333333333
    },
    {
      "id": "m0004",
      "s": 0.871866295264624,
      "e": 1.0,
      "dur": 0.128133704735376,
      "members": [
        "e0004#2"
      ],
      "text": "person stand",
      "s_abs": 10.433333333333334,
      "e_abs": 11.966666666666667,
      "dur_abs": 1.5333333333333332
    }
  ],
  "meta": {
    "lane": "ref",
    "key": "ref4d_0424",
    "mode": "micro",
    "merge_config": {
      "tau_sem": 0.96,
      "gap_abs_sec": 1.01,
      "gap_norm_fallback": 0.1,
      "min_duration_norm": 0.0
    },
    "stats": {
      "num_input_items": 6,
      "num_kept_items": 6,
      "num_clusters": 4
    },
    "provenance": {
      "source_hash": "97d314c6bbe9"
    }
  }
}