{
  "events": [
    {
      "id": "m0001",
      "s": 0.0,
      "e": 0.4444444444444444,
      "dur": 0.4444444444444444,
      "members": [
        "e0001#1"
      ],
      "text": "person talk into microphone",
      "s_abs": 0.0,
      "e_abs": 2.933333333333333,
      "dur_abs": 2.933333333333333
    },
    {
      "id": "m0002",
      "s": 0.4444444444444444,
      "e": 1.0,
      "dur": 0.5555555555555556,
      "members": [
        "e0002#1"
      ],
      "text": "person talk",
      "s_abs": 2.933333333333333,
      "e_abs": 6.6,
      "dur_abs": 3.6666666666666665
    }
  ],
  "meta": {
    "lane": "ref",
    "key": "ref4d_0432",
    "mode": "micro",
    "merge_config": {
      "tau_sem": 0.96,
      "gap_abs_sec": 1.01,
      "gap_norm_fallback": 0.1,
      "min_duration_norm": 0.0
    },
    "stats": {
      "num_input_items": 2,
      "num_kept_items": 2,
      "num_clusters": 2
    },
    "provenance": {
      "source_hash": "c49ee4fa9247"
    }
  }
}