{
  "events": [
    {
      "id": "m0001",
      "s": 0.0,
      "e": 0.3022598870056497,
      "dur": 0.3022598870056497,
      "members": [
        "e0001#1",
        "e0002#1"
      ],
      "text": "castle stand",
      "s_abs": 0.0,
      "e_abs": 3.566666666666667,
      "dur_abs": 3.566666666666667
    },
    {
      "id": "m0002",
      "s": 0.3022598870056497,
      "e": 0.4180790960451977,
      "dur": 0.11581920903954801,
      "members": [
        "e0003#1"
      ],
      "text": "castle remain still",
      "s_abs": 3.566666666666667,
      "e_abs": 4.933333333333334,
      "dur_abs": 1.3666666666666667
    },
    {
      "id": "m0003",
      "s": 0.4180790960451977,
      "e": 0.8672316384180789,
      "dur": 0.4491525423728812,
      "members": [
        "e0004#1",
        "e0005#1",
        "e0006#1"
      ],
      "text": "castle stand",
      "s_abs": 4.933333333333334,
      "e_abs": 10.233333333333333,
      "dur_abs": 5.299999999999999
    },
    {
      "id": "m0004",
      "s": 0.8672316384180789,
      "e": 1.0,
      "dur": 0.13276836158192107,
      "members": [
        "e0007#1"
      ],
      "text": "castle remain still",
      "s_abs": 10.233333333333333,
      "e_abs": 11.8,
      "dur_abs": 1.5666666666666682
    }
  ],
  "meta": {
    "lane": "ref",
    "key": "ref4d_0103",
    "mode": "micro",
    "merge_config": {
      "tau_sem": 0.96,
      "gap_abs_sec": 1.01,
      "gap_norm_fallback": 0.1,
      "min_duration_norm": 0.0
    },
    "stats": {
      "num_input_items": 7,
      "num_kept_items": 7,
      "num_clusters": 4
    },
    "provenance": {
      "source_hash": "762fb2e1cd5b"
    }
  }
}