{
  "events": [
    {
      "id": "m0001",
      "s": 0.0,
      "e": 0.23497267759562843,
      "dur": 0.23497267759562843,
      "members": [
        "e0001#1",
        "e0001#2"
      ],
      "text": "Jaylen Green climbs up to the rim",
      "s_abs": 0.0,
      "e_abs": 1.4333333333333333,
      "dur_abs": 1.4333333333333333
    },
    {
      "id": "m0002",
      "s": 0.23497267759562843,
      "e": 0.46994535519125685,
      "dur": 0.23497267759562843,
      "members": [
        "e0002#1"
      ],
      "text": "basketball player dribble",
      "s_abs": 1.4333333333333333,
      "e_abs": 2.8666666666666667,
      "dur_abs": 1.4333333333333333
    },
    {
      "id": "m0003",
      "s": 0.23497267759562843,
      "e": 0.46994535519125685,
      "dur": 0.23497267759562843,
      "members": [
        "e0002#2"
      ],
      "text": "basketball player jump basketball hit rim",
      "s_abs": 1.4333333333333333,
      "e_abs": 2.8666666666666667,
      "dur_abs": 1.4333333333333333
    },
    {
      "id": "m0004",
      "s": 0.46994535519125685,
      "e": 1.0,
      "dur": 0.5300546448087431,
      "members": [
        "e0003#1",
        "e0003#2",
        "e0004#1"
      ],
      "text": "Jaylen Green jumps",
      "s_abs": 2.8666666666666667,
      "e_abs": 6.1,
      "dur_abs": 3.233333333333333
    }
  ],
  "meta": {
    "lane": "ref",
    "key": "ref4d_0506",
    "mode": "micro",
    "merge_config": {
      "tau_sem": 0.96,
      "gap_abs_sec": 1.01,
      "gap_norm_fallback": 0.1,
      "min_duration_norm": 0.0
    },
    "stats": {
      "num_input_items": 7,
      "num_kept_items": 7,
      "num_clusters": 4
    },
    "provenance": {
      "source_hash": "f83e9f829c5b"
    }
  }
}