{
  "events": [
    {
      "id": "m0001",
      "s": 0.0,
      "e": 0.6441717791411042,
      "dur": 0.6441717791411042,
      "members": [
        "e0001#1",
        "e0002#2"
      ],
      "text": "otter walk",
      "s_abs": 0.0,
      "e_abs": 3.5,
      "dur_abs": 3.5
    },
    {
      "id": "m0002",
      "s": 0.0,
      "e": 1.0,
      "dur": 1.0,
      "members": [
        "e0001#2",
        "e0002#1",
        "e0003#1"
      ],
      "text": "otter sit",
      "s_abs": 0.0,
      "e_abs": 5.433333333333334,
      "dur_abs": 5.433333333333334
    },
    {
      "id": "m0003",
      "s": 0.6441717791411042,
      "e": 1.0,
      "dur": 0.35582822085889576,
      "members": [
        "e0003#2"
      ],
      "text": "otter groom",
      "s_abs": 3.5,
      "e_abs": 5.433333333333334,
      "dur_abs": 1.9333333333333336
    }
  ],
  "meta": {
    "lane": "ref",
    "key": "ref4d_0082",
    "mode": "micro",
    "merge_config": {
      "tau_sem": 0.96,
      "gap_abs_sec": 1.01,
      "gap_norm_fallback": 0.1,
      "min_duration_norm": 0.0
    },
    "stats": {
      "num_input_items": 6,
      "num_kept_items": 6,
      "num_clusters": 3
    },
    "provenance": {
      "source_hash": "96a396591f2c"
    }
  }
}