{
  "events": [
    {
      "id": "m0001",
      "s": 0.0,
      "e": 0.1103448275862069,
      "dur": 0.1103448275862069,
      "members": [
        "e0001#1"
      ],
      "text": "goat graze",
      "s_abs": 0.0,
      "e_abs": 1.0666666666666667,
      "dur_abs": 1.0666666666666667
    },
    {
      "id": "m0002",
      "s": 0.0,
      "e": 1.0,
      "dur": 1.0,
      "members": [
        "e0001#2",
        "e0002#1"
      ],
      "text": "goat eat",
      "s_abs": 0.0,
      "e_abs": 9.666666666666666,
      "dur_abs": 9.666666666666666
    },
    {
      "id": "m0003",
      "s": 0.1103448275862069,
      "e": 1.0,
      "dur": 0.8896551724137931,
      "members": [
        "e0002#2"
      ],
      "text": "goat walk",
      "s_abs": 1.0666666666666667,
      "e_abs": 9.666666666666666,
      "dur_abs": 8.6
    }
  ],
  "meta": {
    "lane": "ref",
    "key": "ref4d_0037",
    "mode": "micro",
    "merge_config": {
      "tau_sem": 0.96,
      "gap_abs_sec": 1.01,
      "gap_norm_fallback": 0.1,
      "min_duration_norm": 0.0
    },
    "stats": {
      "num_input_items": 4,
      "num_kept_items": 4,
      "num_clusters": 3
    },
    "provenance": {
      "source_hash": "35445ae4198a"
    }
  }
}